lat,lon,populacija,kategorija,boja,tip_punjaca
25.37916690115,51.45416574085003,3372.385986328125,1,red,AC nivo 2
25.15416690205,51.58749907365003,3363.375244140625,3,yellow,Ultra brzi
25.39583356775,51.45416574085003,3347.561279296875,1,red,AC nivo 2
25.32916690135,51.38749907445003,3333.751953125,2,blue,DC
25.33750023465,51.429165740950026,3322.21728515625,1,red,AC nivo 2
25.22083356845,51.49583240735003,3275.09912109375,2,blue,DC
25.32916690135,51.45416574085003,3242.4609375,1,red,AC nivo 2
25.19583356855,51.36249907455003,3241.690673828125,1,red,AC nivo 2
25.24583356835,51.37083240785003,3229.68212890625,1,red,AC nivo 2
25.27916690155,51.429165740950026,3228.69140625,3,yellow,Ultra brzi
25.32916690135,51.512499073950025,3198.766845703125,1,red,AC nivo 2
25.34583356795,51.46249907415003,3170.782958984375,1,red,AC nivo 2
25.320833568050002,51.38749907445003,3167.568359375,2,blue,DC
25.254166901650002,51.429165740950026,3132.52685546875,1,red,AC nivo 2
25.320833568050002,51.50416574065003,3131.584716796875,2,blue,DC
25.31250023475,51.46249907415003,3128.125732421875,1,red,AC nivo 2
25.15416690205,51.54583240715003,3116.631591796875,3,yellow,Ultra brzi
25.29583356815,51.43749907425003,3111.956298828125,1,red,AC nivo 2
25.320833568050002,51.39583240775003,3096.0458984375,1,red,AC nivo 2
25.36250023455,51.429165740950026,3088.3310546875,1,red,AC nivo 2
25.28750023485,51.48749907405003,3087.693115234375,2,blue,DC
25.33750023465,51.43749907425003,3067.453857421875,2,blue,DC
25.254166901650002,51.37083240785003,3053.956298828125,3,yellow,Ultra brzi
25.36250023455,51.512499073950025,3047.98046875,4,green,AC nivo 2
25.22083356845,51.420832407650025,3043.257568359375,1,red,AC nivo 2
25.28750023485,51.44583240755003,3037.730224609375,3,yellow,Ultra brzi
25.24583356835,51.43749907425003,3033.22509765625,1,red,AC nivo 2
25.19583356855,51.46249907415003,2976.022216796875,1,red,AC nivo 2
25.229166901750002,51.420832407650025,2947.86572265625,1,red,AC nivo 2
25.387500234450002,51.45416574085003,2931.811279296875,3,yellow,Ultra brzi
25.19583356855,51.37083240785003,2916.771240234375,1,red,AC nivo 2
25.19583356855,51.512499073950025,2915.69091796875,2,blue,DC
25.22083356845,51.44583240755003,2883.0517578125,2,blue,DC
25.320833568050002,51.45416574085003,2874.8583984375,4,green,AC nivo 2
25.412500234350002,51.40416574105003,2862.705810546875,1,red,AC nivo 2
25.27083356825,51.470832407450025,2858.577392578125,2,blue,DC
25.23750023505,51.47916574075003,2823.31982421875,2,blue,DC
25.254166901650002,51.36249907455003,2819.430419921875,1,red,AC nivo 2
25.18750023525,51.612499073550026,2816.548583984375,3,yellow,Ultra brzi
25.33750023465,51.48749907405003,2786.991943359375,2,blue,DC
25.17916690195,51.562499073750026,2775.597900390625,1,red,AC nivo 2
25.30416690145,51.40416574105003,2773.735595703125,4,green,AC nivo 2
25.40416690105,51.420832407650025,2763.044189453125,1,red,AC nivo 2
25.33750023465,51.50416574065003,2762.3623046875,2,blue,DC
25.33750023465,51.38749907445003,2761.574951171875,2,blue,DC
25.387500234450002,51.46249907415003,2750.8203125,4,green,AC nivo 2
25.20416690185,51.37083240785003,2739.07470703125,1,red,AC nivo 2
25.21250023515,51.35416574125003,2723.69677734375,1,red,AC nivo 2
25.24583356835,51.379165741150025,2708.248779296875,2,blue,DC
25.21250023515,51.49583240735003,2689.937744140625,2,blue,DC
25.229166901750002,51.41249907435003,2684.447021484375,1,red,AC nivo 2
25.33750023465,51.512499073950025,2683.266357421875,2,blue,DC
25.37083356785,51.44583240755003,2676.9892578125,3,yellow,Ultra brzi
25.37083356785,51.45416574085003,2672.65673828125,3,yellow,Ultra brzi
25.33750023465,51.420832407650025,2665.463134765625,2,blue,DC
25.40416690105,51.44583240755003,2631.41796875,3,yellow,Ultra brzi
25.30416690145,51.470832407450025,2630.327392578125,3,yellow,Ultra brzi
25.31250023475,51.41249907435003,2610.812744140625,2,blue,DC
25.32916690135,51.44583240755003,2594.476806640625,1,red,AC nivo 2
25.15416690205,51.562499073750026,2576.05322265625,2,blue,DC
25.20416690185,51.39583240775003,2574.052734375,2,blue,DC
25.162500235350002,51.53749907385003,2570.822021484375,3,yellow,Ultra brzi
25.19583356855,51.470832407450025,2544.05615234375,2,blue,DC
25.34583356795,51.520832407250026,2539.35205078125,2,blue,DC
25.229166901750002,51.379165741150025,2538.035888671875,2,blue,DC
25.31250023475,51.39583240775003,2528.566162109375,1,red,AC nivo 2
25.15416690205,51.429165740950026,2527.731201171875,1,red,AC nivo 2
25.26250023495,51.45416574085003,2524.078857421875,1,red,AC nivo 2
25.229166901750002,51.562499073750026,2505.10009765625,1,red,AC nivo 2
25.29583356815,51.44583240755003,2470.864013671875,1,red,AC nivo 2
25.27916690155,51.44583240755003,2461.075439453125,1,red,AC nivo 2
25.32916690135,51.50416574065003,2457.80712890625,2,blue,DC
25.32916690135,51.429165740950026,2425.273193359375,2,blue,DC
25.31250023475,51.36249907455003,2424.290771484375,2,blue,DC
25.21250023515,51.57916574035003,2418.910400390625,1,red,AC nivo 2
25.27916690155,51.43749907425003,2401.982177734375,2,blue,DC
25.27916690155,51.40416574105003,2397.700439453125,1,red,AC nivo 2
25.17916690195,51.612499073550026,2397.017578125,1,red,AC nivo 2
25.37916690115,51.43749907425003,2395.7255859375,2,blue,DC
25.34583356795,51.429165740950026,2381.788330078125,3,yellow,Ultra brzi
25.32916690135,51.49583240735003,2373.455078125,1,red,AC nivo 2
25.35416690125,51.43749907425003,2364.560791015625,2,blue,DC
25.34583356795,51.47916574075003,2331.691650390625,1,red,AC nivo 2
25.21250023515,51.429165740950026,2329.30224609375,2,blue,DC
25.34583356795,51.38749907445003,2314.9619140625,2,blue,DC
25.21250023515,51.36249907455003,2307.322265625,2,blue,DC
25.27916690155,51.46249907415003,2263.83544921875,4,green,AC nivo 2
25.20416690185,51.379165741150025,2228.645263671875,2,blue,DC
25.162500235350002,51.562499073750026,2226.82421875,1,red,AC nivo 2
25.20416690185,51.429165740950026,2199.150390625,3,yellow,Ultra brzi
25.27083356825,51.55416574045003,2198.125244140625,1,red,AC nivo 2
25.27083356825,51.43749907425003,2197.26513671875,2,blue,DC
25.37916690115,51.44583240755003,2189.959716796875,1,red,AC nivo 2
25.229166901750002,51.520832407250026,2189.61474609375,3,yellow,Ultra brzi
25.36250023455,51.520832407250026,2183.349609375,1,red,AC nivo 2
25.32916690135,51.43749907425003,2174.976318359375,1,red,AC nivo 2
25.17916690195,51.57083240705003,2159.195068359375,1,red,AC nivo 2
25.320833568050002,51.520832407250026,2152.447998046875,2,blue,DC
25.21250023515,51.52916574055003,2145.718017578125,3,yellow,Ultra brzi
25.17083356865,51.54583240715003,2144.948974609375,1,red,AC nivo 2
25.40416690105,51.43749907425003,2144.713623046875,1,red,AC nivo 2
25.35416690125,51.49583240735003,2141.6103515625,2,blue,DC
25.21250023515,51.379165741150025,2116.16455078125,1,red,AC nivo 2
25.17916690195,51.41249907435003,2102.812255859375,2,blue,DC
25.36250023455,51.49583240735003,2093.75146484375,1,red,AC nivo 2
25.254166901650002,51.40416574105003,2067.765869140625,2,blue,DC
25.18750023525,51.36249907455003,2065.88427734375,2,blue,DC
25.29583356815,51.47916574075003,2062.686279296875,2,blue,DC
25.27916690155,51.47916574075003,2049.255126953125,1,red,AC nivo 2
25.31250023475,51.45416574085003,2047.9381103515625,1,red,AC nivo 2
25.27083356825,51.45416574085003,2023.0628662109375,1,red,AC nivo 2
25.27083356825,51.40416574105003,2012.1141357421875,2,blue,DC
25.320833568050002,51.512499073950025,2010.9521484375,1,red,AC nivo 2
25.29583356815,51.45416574085003,2004.383056640625,1,red,AC nivo 2
25.30416690145,51.43749907425003,1996.66064453125,1,red,AC nivo 2
25.19583356855,51.379165741150025,1996.4093017578125,1,red,AC nivo 2
25.32916690135,51.41249907435003,1994.90283203125,2,blue,DC
25.30416690145,51.44583240755003,1982.044189453125,1,red,AC nivo 2
25.27916690155,51.562499073750026,1969.944580078125,1,red,AC nivo 2
25.35416690125,51.520832407250026,1948.869140625,2,blue,DC
25.22083356845,51.379165741150025,1891.97900390625,2,blue,DC
25.39583356775,51.43749907425003,1870.6929931640625,1,red,AC nivo 2
25.254166901650002,51.43749907425003,1858.5281982421875,2,blue,DC
25.21250023515,51.37083240785003,1847.416015625,3,yellow,Ultra brzi
25.29583356815,51.46249907415003,1839.767578125,3,yellow,Ultra brzi
25.30416690145,51.379165741150025,1828.8565673828125,3,yellow,Ultra brzi
25.31250023475,51.35416574125003,1828.85009765625,1,red,AC nivo 2
25.17083356865,51.58749907365003,1824.8260498046875,4,green,AC nivo 2
25.254166901650002,51.35416574125003,1824.4049072265625,1,red,AC nivo 2
25.27083356825,51.44583240755003,1822.8253173828125,1,red,AC nivo 2
25.20416690185,51.36249907455003,1820.1722412109375,1,red,AC nivo 2
25.22083356845,51.50416574065003,1814.824462890625,2,blue,DC
25.35416690125,51.429165740950026,1790.632080078125,2,blue,DC
25.28750023485,51.46249907415003,1785.8848876953125,2,blue,DC
25.34583356795,51.49583240735003,1784.79248046875,1,red,AC nivo 2
25.28750023485,51.57916574035003,1772.728271484375,4,green,AC nivo 2
25.27916690155,51.470832407450025,1771.70263671875,1,red,AC nivo 2
25.320833568050002,51.44583240755003,1763.878662109375,2,blue,DC
25.23750023505,51.39583240775003,1762.1297607421875,3,yellow,Ultra brzi
25.33750023465,51.379165741150025,1742.183349609375,2,blue,DC
25.40416690105,51.41249907435003,1728.0711669921875,2,blue,DC
25.30416690145,51.45416574085003,1727.1768798828125,2,blue,DC
25.21250023515,51.520832407250026,1726.3887939453125,1,red,AC nivo 2
25.20416690185,51.48749907405003,1712.2984619140625,1,red,AC nivo 2
25.39583356775,51.44583240755003,1703.775146484375,3,yellow,Ultra brzi
25.34583356795,51.48749907405003,1687.97900390625,2,blue,DC
25.20416690185,51.43749907425003,1669.52783203125,2,blue,DC
25.19583356855,51.49583240735003,1663.5830078125,2,blue,DC
25.412500234350002,51.39583240775003,1656.0540771484375,1,red,AC nivo 2
25.32916690135,51.52916574055003,1654.1746826171875,4,green,AC nivo 2
25.15416690205,51.47916574075003,1650.426025390625,1,red,AC nivo 2
25.22083356845,51.37083240785003,1632.459716796875,1,red,AC nivo 2
25.35416690125,51.45416574085003,1630.4814453125,2,blue,DC
25.320833568050002,51.429165740950026,1626.6861572265625,1,red,AC nivo 2
25.40416690105,51.45416574085003,1622.8077392578125,4,green,AC nivo 2
25.23750023505,51.52916574055003,1613.566650390625,2,blue,DC
25.229166901750002,51.57083240705003,1604.8436279296875,1,red,AC nivo 2
25.29583356815,51.40416574105003,1604.162353515625,1,red,AC nivo 2
25.162500235350002,51.420832407650025,1601.97265625,2,blue,DC
25.30416690145,51.46249907415003,1600.0408935546875,1,red,AC nivo 2
25.37083356785,51.50416574065003,1583.32861328125,1,red,AC nivo 2
25.320833568050002,51.40416574105003,1581.0242919921875,1,red,AC nivo 2
25.20416690185,51.55416574045003,1576.9622802734375,1,red,AC nivo 2
25.37916690115,51.470832407450025,1573.1728515625,3,yellow,Ultra brzi
25.34583356795,51.379165741150025,1573.16845703125,1,red,AC nivo 2
25.31250023475,51.38749907445003,1557.1798095703125,3,yellow,Ultra brzi
25.15416690205,51.52916574055003,1554.6337890625,1,red,AC nivo 2
25.162500235350002,51.46249907415003,1554.04833984375,3,yellow,Ultra brzi
25.23750023505,51.40416574105003,1540.647216796875,1,red,AC nivo 2
25.26250023495,51.44583240755003,1530.3148193359375,1,red,AC nivo 2
25.15416690205,51.520832407250026,1529.8443603515625,1,red,AC nivo 2
25.32916690135,51.379165741150025,1523.3447265625,1,red,AC nivo 2
25.35416690125,51.470832407450025,1522.4368896484375,2,blue,DC
25.15416690205,51.45416574085003,1496.1734619140625,3,yellow,Ultra brzi
25.28750023485,51.40416574105003,1483.0941162109375,3,yellow,Ultra brzi
25.30416690145,51.36249907455003,1482.9737548828125,1,red,AC nivo 2
25.17083356865,51.57916574035003,1477.5101318359375,1,red,AC nivo 2
25.320833568050002,51.52916574055003,1475.3734130859375,1,red,AC nivo 2
25.26250023495,51.36249907455003,1473.014892578125,1,red,AC nivo 2
25.31250023475,51.44583240755003,1455.1519775390625,2,blue,DC
25.24583356835,51.41249907435003,1444.4146728515625,1,red,AC nivo 2
25.23750023505,51.41249907435003,1441.9200439453125,1,red,AC nivo 2
25.387500234450002,51.43749907425003,1438.13818359375,1,red,AC nivo 2
25.31250023475,51.37083240785003,1426.7606201171875,2,blue,DC
25.26250023495,51.35416574125003,1418.3037109375,3,yellow,Ultra brzi
25.24583356835,51.36249907455003,1402.87890625,1,red,AC nivo 2
25.37083356785,51.420832407650025,1400.4010009765625,3,yellow,Ultra brzi
25.412500234350002,51.44583240755003,1397.5057373046875,1,red,AC nivo 2
25.27916690155,51.45416574085003,1372.984619140625,2,blue,DC
25.19583356855,51.604165740250025,1355.4669189453125,3,yellow,Ultra brzi
25.320833568050002,51.43749907425003,1349.961669921875,2,blue,DC
25.15416690205,51.55416574045003,1339.0106201171875,2,blue,DC
25.19583356855,51.47916574075003,1325.962158203125,2,blue,DC
25.30416690145,51.420832407650025,1318.476318359375,3,yellow,Ultra brzi
25.28750023485,51.45416574085003,1312.6390380859375,2,blue,DC
25.36250023455,51.420832407650025,1308.3118896484375,1,red,AC nivo 2
25.229166901750002,51.52916574055003,1292.2017822265625,1,red,AC nivo 2
25.320833568050002,51.420832407650025,1290.7547607421875,1,red,AC nivo 2
25.26250023495,51.40416574105003,1277.274169921875,2,blue,DC
25.28750023485,51.52916574055003,1266.25341796875,1,red,AC nivo 2
25.162500235350002,51.57083240705003,1263.5716552734375,1,red,AC nivo 2
25.31250023475,51.43749907425003,1261.3807373046875,3,yellow,Ultra brzi
25.15416690205,51.46249907415003,1245.91455078125,2,blue,DC
25.26250023495,51.37083240785003,1237.6708984375,2,blue,DC
25.23750023505,51.37083240785003,1223.473388671875,3,yellow,Ultra brzi
25.32916690135,51.53749907385003,1220.941650390625,2,blue,DC
25.37916690115,51.48749907405003,1214.998779296875,1,red,AC nivo 2
25.17083356865,51.55416574045003,1209.5396728515625,2,blue,DC
25.34583356795,51.420832407650025,1206.154541015625,2,blue,DC
25.254166901650002,51.39583240775003,1203.0679931640625,1,red,AC nivo 2
25.18750023525,51.512499073950025,1200.4737548828125,1,red,AC nivo 2
25.18750023525,51.379165741150025,1173.7093505859375,2,blue,DC
25.35416690125,51.47916574075003,1167.6077880859375,1,red,AC nivo 2
25.27916690155,51.57916574035003,1155.9893798828125,3,yellow,Ultra brzi
25.30416690145,51.50416574065003,1150.514892578125,1,red,AC nivo 2
25.22083356845,51.53749907385003,1137.2821044921875,3,yellow,Ultra brzi
25.20416690185,51.512499073950025,1123.1728515625,4,green,AC nivo 2
25.37916690115,51.41249907435003,1117.85546875,2,blue,DC
25.162500235350002,51.47916574075003,1111.7874755859375,1,red,AC nivo 2
25.37083356785,51.47916574075003,1108.3060302734375,3,yellow,Ultra brzi
25.28750023485,51.47916574075003,1101.4022216796875,1,red,AC nivo 2
25.18750023525,51.50416574065003,1097.827880859375,2,blue,DC
25.28750023485,51.57083240705003,1095.268798828125,1,red,AC nivo 2
25.37083356785,51.49583240735003,1094.0341796875,1,red,AC nivo 2
25.31250023475,51.429165740950026,1093.7275390625,4,green,AC nivo 2
25.17083356865,51.53749907385003,1080.2625732421875,1,red,AC nivo 2
25.40416690105,51.39583240775003,1072.2923583984375,1,red,AC nivo 2
25.30416690145,51.37083240785003,1070.32421875,2,blue,DC
25.31250023475,51.420832407650025,1066.6229248046875,2,blue,DC
25.36250023455,51.47916574075003,1064.1007080078125,1,red,AC nivo 2
25.32916690135,51.39583240775003,1060.3704833984375,1,red,AC nivo 2
25.27083356825,51.46249907415003,1056.2325439453125,2,blue,DC
25.21250023515,51.38749907445003,1045.9205322265625,2,blue,DC
25.35416690125,51.46249907415003,1029.8192138671875,2,blue,DC
25.162500235350002,51.48749907405003,1023.1707763671875,1,red,AC nivo 2
25.21250023515,51.39583240775003,1019.37158203125,4,green,AC nivo 2
25.33750023465,51.49583240735003,1018.9139404296875,1,red,AC nivo 2
25.320833568050002,51.41249907435003,1017.56494140625,2,blue,DC
25.34583356795,51.43749907425003,1011.2612915039062,1,red,AC nivo 2
25.22083356845,51.36249907455003,1007.8385009765625,1,red,AC nivo 2
25.15416690205,51.57916574035003,1000.5155639648438,1,red,AC nivo 2
25.20416690185,51.52916574055003,998.36669921875,3,yellow,Ultra brzi
25.23750023505,51.38749907445003,995.972412109375,2,blue,DC
25.18750023525,51.35416574125003,995.3568115234375,1,red,AC nivo 2
25.17916690195,51.58749907365003,991.2828979492188,2,blue,DC
25.15416690205,51.57083240705003,989.6719360351562,2,blue,DC
25.18750023525,51.520832407250026,987.9801635742188,2,blue,DC
25.229166901750002,51.512499073950025,981.7828369140625,1,red,AC nivo 2
25.17916690195,51.55416574045003,981.5601806640625,1,red,AC nivo 2
25.36250023455,51.470832407450025,969.3873901367188,2,blue,DC
25.18750023525,51.47916574075003,969.1145629882812,1,red,AC nivo 2
25.18750023525,51.58749907365003,964.524169921875,1,red,AC nivo 2
25.20416690185,51.562499073750026,964.4773559570312,2,blue,DC
25.20416690185,51.35416574125003,962.5201416015625,1,red,AC nivo 2
25.18750023525,51.37083240785003,947.4699096679688,3,yellow,Ultra brzi
25.17916690195,51.379165741150025,947.2797241210938,1,red,AC nivo 2
25.37083356785,51.48749907405003,937.12451171875,1,red,AC nivo 2
25.412500234350002,51.420832407650025,936.0138549804688,2,blue,DC
25.35416690125,51.379165741150025,930.3460693359375,1,red,AC nivo 2
25.387500234450002,51.41249907435003,925.3704223632812,1,red,AC nivo 2
25.37083356785,51.470832407450025,918.3431396484375,1,red,AC nivo 2
25.34583356795,51.52916574055003,913.2061157226562,1,red,AC nivo 2
25.17083356865,51.48749907405003,904.182373046875,1,red,AC nivo 2
25.40416690105,51.429165740950026,897.8988647460938,4,green,AC nivo 2
25.254166901650002,51.379165741150025,896.5391845703125,1,red,AC nivo 2
25.30416690145,51.35416574125003,877.6537475585938,1,red,AC nivo 2
25.37916690115,51.47916574075003,874.468505859375,3,yellow,Ultra brzi
25.412500234350002,51.429165740950026,850.609619140625,1,red,AC nivo 2
25.21250023515,51.57083240705003,849.5880126953125,2,blue,DC
25.162500235350002,51.520832407250026,839.1095581054688,2,blue,DC
25.29583356815,51.470832407450025,832.823486328125,2,blue,DC
25.24583356835,51.57083240705003,831.3104858398438,2,blue,DC
25.18750023525,51.57916574035003,827.8215942382812,1,red,AC nivo 2
25.22083356845,51.41249907435003,827.1984252929688,1,red,AC nivo 2
25.28750023485,51.470832407450025,825.06396484375,1,red,AC nivo 2
25.17916690195,51.38749907445003,819.0327758789062,1,red,AC nivo 2
25.412500234350002,51.43749907425003,815.3930053710938,1,red,AC nivo 2
25.22083356845,51.35416574125003,809.433349609375,3,yellow,Ultra brzi
25.30416690145,51.39583240775003,807.7586669921875,1,red,AC nivo 2
25.229166901750002,51.38749907445003,791.2481079101562,2,blue,DC
25.15416690205,51.44583240755003,790.0630493164062,2,blue,DC
25.15416690205,51.470832407450025,785.2156372070312,1,red,AC nivo 2
25.254166901650002,51.38749907445003,784.4291381835938,3,yellow,Ultra brzi
25.320833568050002,51.379165741150025,780.6542358398438,1,red,AC nivo 2
25.33750023465,51.39583240775003,776.1178588867188,2,blue,DC
25.24583356835,51.38749907445003,775.5942993164062,1,red,AC nivo 2
25.162500235350002,51.49583240735003,745.8195190429688,1,red,AC nivo 2
25.387500234450002,51.44583240755003,723.835693359375,2,blue,DC
25.20416690185,51.520832407250026,723.598876953125,2,blue,DC
25.34583356795,51.39583240775003,722.6796875,1,red,AC nivo 2
25.37916690115,51.520832407250026,716.7453002929688,1,red,AC nivo 2
25.17916690195,51.57916574035003,699.6927490234375,2,blue,DC
25.17083356865,51.562499073750026,694.7470092773438,4,green,AC nivo 2
25.19583356855,51.57916574035003,694.1594848632812,2,blue,DC
25.37083356785,51.520832407250026,689.2548217773438,2,blue,DC
25.35416690125,51.38749907445003,686.3555297851562,1,red,AC nivo 2
25.33750023465,51.37083240785003,677.46875,2,blue,DC
25.320833568050002,51.35416574125003,670.406982421875,4,green,AC nivo 2
25.39583356775,51.520832407250026,669.5269775390625,1,red,AC nivo 2
25.18750023525,51.40416574105003,668.6010131835938,4,green,AC nivo 2
25.15416690205,51.420832407650025,662.4960327148438,2,blue,DC
25.29583356815,51.512499073950025,660.8982543945312,3,yellow,Ultra brzi
25.162500235350002,51.57916574035003,659.1550903320312,2,blue,DC
25.32916690135,51.35416574125003,654.7889404296875,3,yellow,Ultra brzi
25.18750023525,51.38749907445003,648.0586547851562,3,yellow,Ultra brzi
25.20416690185,51.50416574065003,626.4557495117188,1,red,AC nivo 2
25.21250023515,51.40416574105003,618.8345947265625,1,red,AC nivo 2
25.33750023465,51.41249907435003,614.5576782226562,3,yellow,Ultra brzi
25.21250023515,51.562499073750026,613.61572265625,1,red,AC nivo 2
25.19583356855,51.612499073550026,612.8484497070312,2,blue,DC
25.20416690185,51.54583240715003,604.9892578125,1,red,AC nivo 2
25.37916690115,51.512499073950025,602.9232788085938,2,blue,DC
25.412500234350002,51.45416574085003,600.5103149414062,1,red,AC nivo 2
25.37083356785,51.46249907415003,589.724365234375,1,red,AC nivo 2
25.162500235350002,51.470832407450025,584.6456298828125,1,red,AC nivo 2
25.17083356865,51.47916574075003,584.1395874023438,4,green,AC nivo 2
25.33750023465,51.520832407250026,582.3910522460938,2,blue,DC
25.387500234450002,51.520832407250026,575.5986328125,2,blue,DC
25.412500234350002,51.50416574065003,569.7665405273438,2,blue,DC
25.33750023465,51.35416574125003,568.5040283203125,3,yellow,Ultra brzi
25.28750023485,51.562499073750026,566.1072387695312,2,blue,DC
25.15416690205,51.41249907435003,561.8777465820312,1,red,AC nivo 2
25.26250023495,51.43749907425003,559.5805053710938,1,red,AC nivo 2
25.26250023495,51.562499073750026,556.7811279296875,3,yellow,Ultra brzi
25.17083356865,51.49583240735003,555.8959350585938,2,blue,DC
25.18750023525,51.57083240705003,555.572509765625,2,blue,DC
25.29583356815,51.379165741150025,541.61962890625,1,red,AC nivo 2
25.162500235350002,51.512499073950025,540.8199462890625,1,red,AC nivo 2
25.35416690125,51.420832407650025,540.0070190429688,1,red,AC nivo 2
25.17083356865,51.612499073550026,539.697509765625,1,red,AC nivo 2
25.22083356845,51.40416574105003,538.659912109375,2,blue,DC
25.35416690125,51.37083240785003,535.684326171875,1,red,AC nivo 2
25.22083356845,51.52916574055003,524.5366821289062,2,blue,DC
25.22083356845,51.54583240715003,524.2754516601562,1,red,AC nivo 2
25.320833568050002,51.53749907385003,519.9795532226562,2,blue,DC
25.19583356855,51.52916574055003,518.7982177734375,4,green,AC nivo 2
25.17916690195,51.53749907385003,514.7882080078125,1,red,AC nivo 2
25.229166901750002,51.40416574105003,500.8554382324219,2,blue,DC
25.162500235350002,51.41249907435003,499.0244445800781,2,blue,DC
25.37083356785,51.512499073950025,498.26922607421875,1,red,AC nivo 2
25.15416690205,51.40416574105003,494.6006774902344,3,yellow,Ultra brzi
25.17916690195,51.36249907455003,492.91668701171875,1,red,AC nivo 2
25.20416690185,51.49583240735003,484.1935119628906,3,yellow,Ultra brzi
25.162500235350002,51.39583240775003,479.98681640625,1,red,AC nivo 2
25.30416690145,51.429165740950026,479.6212463378906,1,red,AC nivo 2
25.20416690185,51.53749907385003,477.540283203125,1,red,AC nivo 2
25.15416690205,51.48749907405003,476.0416259765625,2,blue,DC
25.17916690195,51.54583240715003,474.6178894042969,2,blue,DC
25.19583356855,51.35416574125003,471.889404296875,1,red,AC nivo 2
25.387500234450002,51.470832407450025,465.29144287109375,3,yellow,Ultra brzi
25.17916690195,51.47916574075003,463.1538391113281,2,blue,DC
25.15416690205,51.39583240775003,461.2418212890625,3,yellow,Ultra brzi
25.162500235350002,51.40416574105003,460.8977355957031,1,red,AC nivo 2
25.36250023455,51.46249907415003,460.7126770019531,1,red,AC nivo 2
25.39583356775,51.46249907415003,453.1552429199219,4,green,AC nivo 2
25.34583356795,51.37083240785003,452.5679931640625,2,blue,DC
25.19583356855,51.39583240775003,440.0686340332031,2,blue,DC
25.27083356825,51.39583240775003,439.0660400390625,2,blue,DC
25.17916690195,51.37083240785003,436.9057922363281,3,yellow,Ultra brzi
25.27083356825,51.35416574125003,428.5155944824219,1,red,AC nivo 2
25.39583356775,51.41249907435003,428.1961975097656,4,green,AC nivo 2
25.30416690145,51.38749907445003,424.8494567871094,2,blue,DC
25.35416690125,51.39583240775003,423.2275085449219,3,yellow,Ultra brzi
25.27916690155,51.57083240705003,418.78253173828125,2,blue,DC
25.15416690205,51.512499073950025,416.6302185058594,3,yellow,Ultra brzi
25.19583356855,51.520832407250026,415.93048095703125,1,red,AC nivo 2
25.36250023455,51.38749907445003,413.7095642089844,1,red,AC nivo 2
25.320833568050002,51.36249907455003,409.16650390625,2,blue,DC
25.27083356825,51.37083240785003,402.1512145996094,4,green,AC nivo 2
25.412500234350002,51.36249907455003,400.69580078125,2,blue,DC
25.20416690185,51.38749907445003,398.0283203125,1,red,AC nivo 2
25.17083356865,51.52916574055003,397.37030029296875,2,blue,DC
25.21250023515,51.54583240715003,392.4098815917969,2,blue,DC
25.17916690195,51.470832407450025,391.0779724121094,1,red,AC nivo 2
25.19583356855,51.53749907385003,385.04132080078125,1,red,AC nivo 2
25.387500234450002,51.512499073950025,384.0574035644531,2,blue,DC
25.26250023495,51.379165741150025,381.1827087402344,1,red,AC nivo 2
25.39583356775,51.36249907455003,380.9190979003906,3,yellow,Ultra brzi
25.26250023495,51.39583240775003,377.6129150390625,4,green,AC nivo 2
25.412500234350002,51.48749907405003,372.2105407714844,2,blue,DC
25.39583356775,51.512499073950025,370.9841613769531,3,yellow,Ultra brzi
25.21250023515,51.55416574045003,365.2239990234375,1,red,AC nivo 2
25.15416690205,51.612499073550026,359.6458435058594,1,red,AC nivo 2
25.412500234350002,51.49583240735003,356.5744934082031,2,blue,DC
25.19583356855,51.48749907405003,355.4444580078125,2,blue,DC
25.21250023515,51.58749907365003,354.37347412109375,2,blue,DC
25.37916690115,51.35416574125003,349.1428527832031,1,red,AC nivo 2
25.36250023455,51.45416574085003,346.8529968261719,1,red,AC nivo 2
25.22083356845,51.57083240705003,345.74932861328125,2,blue,DC
25.40416690105,51.520832407250026,344.9748229980469,1,red,AC nivo 2
25.17916690195,51.512499073950025,339.7942810058594,1,red,AC nivo 2
25.31250023475,51.379165741150025,339.4114074707031,2,blue,DC
25.412500234350002,51.35416574125003,335.9826354980469,1,red,AC nivo 2
25.21250023515,51.50416574065003,335.5304260253906,3,yellow,Ultra brzi
25.27083356825,51.36249907455003,334.4156799316406,1,red,AC nivo 2
25.37916690115,51.50416574065003,334.3191833496094,2,blue,DC
25.40416690105,51.512499073950025,329.5210876464844,4,green,AC nivo 2
25.34583356795,51.35416574125003,327.53594970703125,2,blue,DC
25.18750023525,51.52916574055003,322.0528259277344,1,red,AC nivo 2
25.19583356855,51.55416574045003,317.17730712890625,2,blue,DC
25.40416690105,51.50416574065003,316.0815124511719,1,red,AC nivo 2
25.17083356865,51.41249907435003,314.6129455566406,1,red,AC nivo 2
25.37083356785,51.55416574045003,311.71380615234375,1,red,AC nivo 2
25.22083356845,51.55416574045003,309.7728271484375,2,blue,DC
25.26250023495,51.38749907445003,307.34088134765625,2,blue,DC
25.39583356775,51.35416574125003,306.5596923828125,2,blue,DC
25.387500234450002,51.48749907405003,304.8465881347656,2,blue,DC
25.40416690105,51.48749907405003,298.0014343261719,2,blue,DC
25.21250023515,51.512499073950025,296.2601623535156,3,yellow,Ultra brzi
25.36250023455,51.379165741150025,291.0010070800781,2,blue,DC
25.37916690115,51.36249907455003,289.884521484375,1,red,AC nivo 2
25.34583356795,51.40416574105003,283.3714599609375,1,red,AC nivo 2
25.32916690135,51.37083240785003,282.5391540527344,1,red,AC nivo 2
25.17916690195,51.48749907405003,278.7005310058594,2,blue,DC
25.27083356825,51.38749907445003,278.20758056640625,1,red,AC nivo 2
25.22083356845,51.38749907445003,277.2937316894531,1,red,AC nivo 2
25.36250023455,51.37083240785003,274.1285095214844,1,red,AC nivo 2
25.229166901750002,51.39583240775003,270.54681396484375,2,blue,DC
25.412500234350002,51.47916574075003,268.6634216308594,3,yellow,Ultra brzi
25.18750023525,51.49583240735003,268.08984375,1,red,AC nivo 2
25.34583356795,51.41249907435003,262.7391052246094,3,yellow,Ultra brzi
25.37083356785,51.37083240785003,260.5916442871094,1,red,AC nivo 2
25.387500234450002,51.35416574125003,256.1408386230469,4,green,AC nivo 2
25.40416690105,51.47916574075003,252.62232971191406,1,red,AC nivo 2
25.17083356865,51.50416574065003,251.9837188720703,2,blue,DC
25.20416690185,51.58749907365003,250.22409057617188,2,blue,DC
25.412500234350002,51.46249907415003,248.09262084960938,1,red,AC nivo 2
25.387500234450002,51.37083240785003,248.08863830566406,2,blue,DC
25.20416690185,51.57083240705003,245.81190490722656,1,red,AC nivo 2
25.19583356855,51.59583240695003,244.34832763671875,2,blue,DC
25.37916690115,51.49583240735003,242.62420654296875,2,blue,DC
25.35416690125,51.52916574055003,238.28427124023438,4,green,AC nivo 2
25.40416690105,51.40416574105003,234.80482482910156,1,red,AC nivo 2
25.21250023515,51.53749907385003,233.11277770996094,1,red,AC nivo 2
25.27916690155,51.58749907365003,232.82814025878906,2,blue,DC
25.33750023465,51.40416574105003,232.65257263183594,1,red,AC nivo 2
25.18750023525,51.55416574045003,232.4258575439453,2,blue,DC
25.37083356785,51.41249907435003,229.2906036376953,1,red,AC nivo 2
25.320833568050002,51.37083240785003,224.4756317138672,2,blue,DC
25.22083356845,51.57916574035003,223.9504852294922,1,red,AC nivo 2
25.33750023465,51.36249907455003,223.40896606445312,2,blue,DC
25.229166901750002,51.57916574035003,222.3434295654297,2,blue,DC
25.40416690105,51.49583240735003,220.83004760742188,3,yellow,Ultra brzi
25.19583356855,51.562499073750026,220.55197143554688,1,red,AC nivo 2
25.36250023455,51.48749907405003,220.18605041503906,2,blue,DC
25.18750023525,51.562499073750026,218.52975463867188,4,green,AC nivo 2
25.17916690195,51.50416574065003,218.31564331054688,1,red,AC nivo 2
25.387500234450002,51.47916574075003,217.55601501464844,3,yellow,Ultra brzi
25.36250023455,51.52916574055003,214.72315979003906,2,blue,DC
25.19583356855,51.58749907365003,211.25086975097656,4,green,AC nivo 2
25.412500234350002,51.37083240785003,208.98655700683594,2,blue,DC
25.37916690115,51.40416574105003,204.66522216796875,2,blue,DC
25.31250023475,51.50416574065003,201.9776153564453,2,blue,DC
25.22083356845,51.39583240775003,200.90672302246094,1,red,AC nivo 2
25.37916690115,51.38749907445003,199.7501678466797,1,red,AC nivo 2
25.37083356785,51.36249907455003,199.66400146484375,2,blue,DC
25.22083356845,51.512499073950025,198.48455810546875,1,red,AC nivo 2
25.37083356785,51.39583240775003,198.16259765625,2,blue,DC
25.37916690115,51.379165741150025,196.95498657226562,2,blue,DC
25.24583356835,51.35416574125003,194.98985290527344,1,red,AC nivo 2
25.37083356785,51.38749907445003,194.76138305664062,1,red,AC nivo 2
25.36250023455,51.55416574045003,194.32049560546875,3,yellow,Ultra brzi
25.18750023525,51.54583240715003,192.98941040039062,3,yellow,Ultra brzi
25.387500234450002,51.52916574055003,190.24720764160156,1,red,AC nivo 2
25.17916690195,51.35416574125003,189.89573669433594,2,blue,DC
25.387500234450002,51.379165741150025,189.18814086914062,1,red,AC nivo 2
25.162500235350002,51.612499073550026,184.5921173095703,2,blue,DC
25.17083356865,51.40416574105003,184.11111450195312,1,red,AC nivo 2
25.162500235350002,51.38749907445003,181.32545471191406,3,yellow,Ultra brzi
25.19583356855,51.38749907445003,181.1294708251953,3,yellow,Ultra brzi
25.27916690155,51.604165740250025,179.84092712402344,1,red,AC nivo 2
25.17916690195,51.39583240775003,175.49571228027344,2,blue,DC
25.37083356785,51.35416574125003,173.62130737304688,1,red,AC nivo 2
25.22083356845,51.520832407250026,171.68121337890625,1,red,AC nivo 2
25.17916690195,51.52916574055003,170.93943786621094,3,yellow,Ultra brzi
25.412500234350002,51.512499073950025,169.89427185058594,2,blue,DC
25.32916690135,51.40416574105003,169.158935546875,2,blue,DC
25.40416690105,51.38749907445003,169.11285400390625,2,blue,DC
25.23750023505,51.36249907455003,164.8538055419922,3,yellow,Ultra brzi
25.32916690135,51.36249907455003,164.1865997314453,1,red,AC nivo 2
25.18750023525,51.53749907385003,163.964599609375,2,blue,DC
25.18750023525,51.39583240775003,157.64662170410156,1,red,AC nivo 2
25.36250023455,51.562499073750026,154.22525024414062,2,blue,DC
25.19583356855,51.54583240715003,153.9014434814453,1,red,AC nivo 2
25.37083356785,51.562499073750026,150.59132385253906,1,red,AC nivo 2
25.387500234450002,51.36249907455003,149.01904296875,2,blue,DC
25.15416690205,51.38749907445003,148.37225341796875,1,red,AC nivo 2
25.31250023475,51.520832407250026,147.70138549804688,2,blue,DC
25.15416690205,51.49583240735003,147.2740020751953,2,blue,DC
25.35416690125,51.40416574105003,147.05670166015625,2,blue,DC
25.22083356845,51.562499073750026,145.39842224121094,2,blue,DC
25.35416690125,51.41249907435003,144.91598510742188,1,red,AC nivo 2
25.39583356775,51.37083240785003,141.77259826660156,1,red,AC nivo 2
25.28750023485,51.39583240775003,140.39324951171875,2,blue,DC
25.36250023455,51.54583240715003,139.77102661132812,4,green,AC nivo 2
25.412500234350002,51.470832407450025,138.48806762695312,1,red,AC nivo 2
25.27083356825,51.58749907365003,137.4679718017578,2,blue,DC
25.31250023475,51.512499073950025,136.99249267578125,2,blue,DC
25.229166901750002,51.58749907365003,136.6898956298828,3,yellow,Ultra brzi
25.40416690105,51.36249907455003,135.8533477783203,2,blue,DC
25.29583356815,51.37083240785003,132.84396362304688,1,red,AC nivo 2
25.412500234350002,51.38749907445003,132.1497344970703,1,red,AC nivo 2
25.34583356795,51.36249907455003,130.47555541992188,1,red,AC nivo 2
25.40416690105,51.46249907415003,127.39837646484375,1,red,AC nivo 2
25.229166901750002,51.37083240785003,122.63817596435547,2,blue,DC
25.37083356785,51.40416574105003,120.77977752685547,1,red,AC nivo 2
25.387500234450002,51.38749907445003,119.88969421386719,2,blue,DC
25.387500234450002,51.49583240735003,118.65181732177734,2,blue,DC
25.39583356775,51.50416574065003,118.23468017578125,1,red,AC nivo 2
25.37916690115,51.54583240715003,117.96572875976562,3,yellow,Ultra brzi
25.37083356785,51.53749907385003,117.1806640625,3,yellow,Ultra brzi
25.29583356815,51.36249907455003,114.49244689941406,1,red,AC nivo 2
25.39583356775,51.49583240735003,114.33724212646484,2,blue,DC
25.35416690125,51.35416574125003,111.94955444335938,1,red,AC nivo 2
25.28750023485,51.55416574045003,110.17317199707031,2,blue,DC
25.17916690195,51.40416574105003,109.30420684814453,1,red,AC nivo 2
25.37916690115,51.39583240775003,107.13080596923828,2,blue,DC
25.19583356855,51.57083240705003,106.06521606445312,1,red,AC nivo 2
25.22083356845,51.58749907365003,104.8079833984375,1,red,AC nivo 2
25.37083356785,51.379165741150025,104.5064697265625,4,green,AC nivo 2
25.27916690155,51.39583240775003,103.570556640625,3,yellow,Ultra brzi
25.37916690115,51.52916574055003,102.72187042236328,2,blue,DC
25.21250023515,51.59583240695003,102.70532989501953,2,blue,DC
25.162500235350002,51.52916574055003,99.43623352050781,1,red,AC nivo 2
25.17083356865,51.39583240775003,97.69680786132812,1,red,AC nivo 2
25.387500234450002,51.40416574105003,95.24170684814453,1,red,AC nivo 2
25.20416690185,51.612499073550026,93.78349304199219,2,blue,DC
25.254166901650002,51.59583240695003,93.28401184082031,2,blue,DC
25.37083356785,51.54583240715003,92.36847686767578,2,blue,DC
25.17916690195,51.520832407250026,91.83314514160156,1,red,AC nivo 2
25.23750023505,51.59583240695003,89.48900604248047,2,blue,DC
25.37916690115,51.37083240785003,89.39618682861328,2,blue,DC
25.21250023515,51.604165740250025,87.80682373046875,2,blue,DC
25.17083356865,51.35416574125003,87.12320709228516,1,red,AC nivo 2
25.412500234350002,51.379165741150025,82.77658081054688,2,blue,DC
25.35416690125,51.36249907455003,82.7326431274414,3,yellow,Ultra brzi
25.35416690125,51.48749907405003,82.5678939819336,4,green,AC nivo 2
25.17083356865,51.36249907455003,81.8276138305664,1,red,AC nivo 2
25.36250023455,51.41249907435003,81.5956802368164,1,red,AC nivo 2
25.39583356775,51.379165741150025,79.92041778564453,1,red,AC nivo 2
25.24583356835,51.57916574035003,79.63251495361328,2,blue,DC
25.37083356785,51.52916574055003,79.6255874633789,3,yellow,Ultra brzi
25.24583356835,51.59583240695003,77.08476257324219,2,blue,DC
25.27083356825,51.604165740250025,76.83927917480469,1,red,AC nivo 2
25.162500235350002,51.50416574065003,72.32769775390625,3,yellow,Ultra brzi
25.27083356825,51.57916574035003,69.78233337402344,1,red,AC nivo 2
25.26250023495,51.58749907365003,67.35157012939453,2,blue,DC
25.26250023495,51.59583240695003,66.3974380493164,3,yellow,Ultra brzi
25.17083356865,51.520832407250026,66.00608825683594,3,yellow,Ultra brzi
25.39583356775,51.470832407450025,63.908809661865234,1,red,AC nivo 2
25.29583356815,51.57083240705003,62.747589111328125,1,red,AC nivo 2
25.40416690105,51.470832407450025,62.51492691040039,1,red,AC nivo 2
25.36250023455,51.39583240775003,59.11345672607422,2,blue,DC
25.28750023485,51.604165740250025,58.924530029296875,2,blue,DC
25.21250023515,51.612499073550026,57.108795166015625,2,blue,DC
25.17916690195,51.49583240735003,56.152320861816406,1,red,AC nivo 2
25.27916690155,51.37083240785003,55.08086395263672,1,red,AC nivo 2
25.27916690155,51.612499073550026,55.05941390991211,2,blue,DC
25.36250023455,51.40416574105003,54.99964141845703,3,yellow,Ultra brzi
25.20416690185,51.57916574035003,51.2860221862793,1,red,AC nivo 2
25.27057813086754,51.53747805404477,11772.971354166666,1,red,AC nivo 2
25.270991325300358,51.53772154058168,11772.971354166666,1,red,AC nivo 2
25.270790353448334,51.53761582937814,11772.971354166666,1,red,AC nivo 2
25.270885293903902,51.52905804092429,10420.904296875,1,red,AC nivo 2
25.27082649891919,51.529163222548824,10420.904296875,1,red,AC nivo 2
25.27083676922432,51.52900540579481,10420.904296875,2,blue,DC
25.27906485432298,51.537705177446796,9931.800130208334,1,red,AC nivo 2
25.27912680967856,51.53762675217375,9931.800130208334,1,red,AC nivo 2
25.279239233361857,51.537588713112775,9931.800130208334,1,red,AC nivo 2
25.2791872818571,51.54590726596337,9580.222005208334,4,green,AC nivo 2
25.279167074699917,51.545748836112395,9580.222005208334,2,blue,DC
25.27890374272003,51.54585956513226,9580.222005208334,1,red,AC nivo 2
25.279356586619794,51.52078086871756,9235.32421875,3,yellow,Ultra brzi
25.279094770742525,51.52081126910577,9235.32421875,3,yellow,Ultra brzi
25.279306055183373,51.52107710999749,9235.32421875,2,blue,DC
25.27913583554556,51.529162260068176,8383.805989583334,2,blue,DC
25.279017498609306,51.52900362159815,8383.805989583334,1,red,AC nivo 2
25.27897943355436,51.528987534282564,8383.805989583334,1,red,AC nivo 2
25.27097163434314,51.545871191994046,6730.662109375,3,yellow,Ultra brzi
25.270817310921995,51.54583710311453,6730.662109375,2,blue,DC
25.27068858424743,51.54563527812249,6730.662109375,3,yellow,Ultra brzi
25.28744175618569,51.512456332602355,5995.368489583333,1,red,AC nivo 2
25.287573720629258,51.512370795994,5995.368489583333,1,red,AC nivo 2
25.28729777298949,51.51248373018329,5995.368489583333,2,blue,DC
25.20429905618189,51.404361352603054,5856.904947916667,2,blue,DC
25.204080569409562,51.40395160030752,5856.904947916667,1,red,AC nivo 2
25.204244456331985,51.40438882471902,5856.904947916667,2,blue,DC
25.279174821888294,51.5125217462112,5785.66015625,3,yellow,Ultra brzi
25.27930942492484,51.512296472450515,5785.66015625,2,blue,DC
25.279257693237277,51.512400588027546,5785.66015625,1,red,AC nivo 2
25.262499947264292,51.53750116308461,5719.674479166667,2,blue,DC
25.262382019952923,51.537328969816286,5719.674479166667,1,red,AC nivo 2
25.262539137477507,51.53742692701194,5719.674479166667,2,blue,DC
25.245870922933904,51.554351699608034,5185.696940104167,2,blue,DC
25.24592162374799,51.55389562118667,5185.696940104167,2,blue,DC
25.24590960572038,51.554282254699274,5185.696940104167,4,green,AC nivo 2
25.262590124136143,51.52908835717173,5185.630533854167,2,blue,DC
25.26249465128543,51.52916184935968,5185.630533854167,1,red,AC nivo 2
25.26238565653091,51.52892292473326,5185.630533854167,2,blue,DC
25.187611007837937,51.412265490239314,4893.222005208333,2,blue,DC
25.18746490191926,51.412437243258616,4893.222005208333,2,blue,DC
25.187506857221873,51.41243646186846,4893.222005208333,3,yellow,Ultra brzi
25.270841829258146,51.52081610105282,4696.898763020833,1,red,AC nivo 2
25.270853816268275,51.52078879377482,4696.898763020833,3,yellow,Ultra brzi
25.27077315472112,51.52089909091318,4696.898763020833,1,red,AC nivo 2
25.287482895760412,51.50411609129029,4595.305989583333,2,blue,DC
25.287498986997196,51.50416679382436,4595.305989583333,1,red,AC nivo 2
25.28749133290667,51.504290891069004,4595.305989583333,3,yellow,Ultra brzi
25.254301120087213,51.55428223497337,4570.1640625,1,red,AC nivo 2
25.25402405988025,51.55431326257292,4570.1640625,1,red,AC nivo 2
25.254100897221374,51.55405998315587,4570.1640625,3,yellow,Ultra brzi
25.312614744436395,51.479026214788114,4482.929361979167,1,red,AC nivo 2
25.312534290801562,51.47907106657478,4482.929361979167,1,red,AC nivo 2
25.312449312913472,51.47914988484339,4482.929361979167,2,blue,DC
25.2792324272365,51.504163983344625,4421.574544270833,1,red,AC nivo 2
25.27916605072171,51.504187533453816,4421.574544270833,1,red,AC nivo 2
25.279156822494397,51.50439290536132,4421.574544270833,3,yellow,Ultra brzi
25.162489084165195,51.429129463770096,4370.424153645833,1,red,AC nivo 2
25.1624194025802,51.42925366928343,4370.424153645833,2,blue,DC
25.162437679052395,51.429048900397014,4370.424153645833,1,red,AC nivo 2
25.245639899294467,51.56236967036272,4183.655598958333,2,blue,DC
25.24581908056673,51.56239150518325,4183.655598958333,1,red,AC nivo 2
25.245739639024748,51.5625339768153,4183.655598958333,1,red,AC nivo 2
25.162542496237126,51.43753757002193,4134.505208333333,2,blue,DC
25.16248238806977,51.43759050485419,4134.505208333333,1,red,AC nivo 2
25.162440266024817,51.437657487559896,4134.505208333333,2,blue,DC
25.254372374464015,51.545791564222604,4019.001953125,1,red,AC nivo 2
25.254219198788384,51.54561368035863,4019.001953125,3,yellow,Ultra brzi
25.25396410677115,51.54567589465094,4019.001953125,2,blue,DC
25.262450304820494,51.54569390298485,3880.3336588541665,1,red,AC nivo 2
25.262616729070146,51.5459001797473,3880.3336588541665,2,blue,DC
25.26250851080103,51.54587087623811,3880.3336588541665,1,red,AC nivo 2
25.170622146982993,51.42915683469,3871.2356770833335,1,red,AC nivo 2
25.17077575953161,51.42938556484797,3871.2356770833335,1,red,AC nivo 2
25.170793920890876,51.42915862477753,3871.2356770833335,2,blue,DC
25.312605861526382,51.48747293119622,3826.6279296875,2,blue,DC
25.312436229559196,51.48774144758486,3826.6279296875,2,blue,DC
25.31264050138285,51.48765318937453,3826.6279296875,1,red,AC nivo 2
25.304207179899933,51.49594059228851,3823.6985677083335,1,red,AC nivo 2
25.304192628296548,51.496081553411194,3823.6985677083335,2,blue,DC
25.303964429836892,51.49601750676376,3823.6985677083335,2,blue,DC
25.195701608721812,51.4123527595155,3735.06640625,1,red,AC nivo 2
25.19575106403679,51.41248666691246,3735.06640625,1,red,AC nivo 2
25.195632662459275,51.41267005894181,3735.06640625,1,red,AC nivo 2
25.320913947826515,51.4794466248939,3452.3684895833335,3,yellow,Ultra brzi
25.32083862584081,51.47905862129396,3452.3684895833335,1,red,AC nivo 2
25.320768877757505,51.47907753790553,3452.3684895833335,3,yellow,Ultra brzi
25.162400394688834,51.445934063694125,3420.6663411458335,1,red,AC nivo 2
25.162632516024452,51.44584782061391,3420.6663411458335,2,blue,DC
25.162575944634856,51.44581732005862,3420.6663411458335,1,red,AC nivo 2
25.245832232267613,51.545700485637745,3370.1722005208335,3,yellow,Ultra brzi
25.245895288376605,51.54609327731408,3370.1722005208335,1,red,AC nivo 2
25.245914905244252,51.545841950526864,3370.1722005208335,2,blue,DC
25.179237547445698,51.43749859645531,3285.9303385416665,4,green,AC nivo 2
25.179262050213033,51.437352521589155,3285.9303385416665,2,blue,DC
25.17922548099253,51.437322887012755,3285.9303385416665,2,blue,DC
25.279033554092937,51.49600464005117,3259.7252604166665,1,red,AC nivo 2
25.27928565131014,51.495854464903424,3259.7252604166665,2,blue,DC
25.279077804402224,51.495934913938214,3259.7252604166665,1,red,AC nivo 2
25.179208599083744,51.42921335897188,3219.8004557291665,1,red,AC nivo 2
25.17907024314249,51.42912185199612,3219.8004557291665,1,red,AC nivo 2
25.179209099880527,51.42899167531185,3219.8004557291665,1,red,AC nivo 2
25.2876272472406,51.49566532995111,3209.1904296875,1,red,AC nivo 2
25.287438053626392,51.49578122818542,3209.1904296875,1,red,AC nivo 2
25.287514075079102,51.495759096986085,3209.1904296875,3,yellow,Ultra brzi
25.27106461515041,51.512629683900784,3192.6868489583335,3,yellow,Ultra brzi
25.27063156480946,51.5124417026916,3192.6868489583335,1,red,AC nivo 2
25.27067152205346,51.51246579670109,3192.6868489583335,2,blue,DC
25.270882770804086,51.50417750561388,3101.0475260416665,2,blue,DC
25.27076349390018,51.504014388587294,3101.0475260416665,2,blue,DC
25.270973003998755,51.50440390102742,3101.0475260416665,1,red,AC nivo 2
25.270911329128978,51.495957839187376,3041.2506510416665,1,red,AC nivo 2
25.27095301439473,51.49600050740016,3041.2506510416665,1,red,AC nivo 2
25.270827619071188,51.49587183597402,3041.2506510416665,1,red,AC nivo 2
25.170878732417275,51.445847241772434,3024.732421875,1,red,AC nivo 2
25.170885316112813,51.445981728281,3024.732421875,1,red,AC nivo 2
25.17058769568731,51.44591872197135,3024.732421875,2,blue,DC
25.17103938674279,51.43743168782161,3017.9114583333335,1,red,AC nivo 2
25.170725855910856,51.437277378758715,3017.9114583333335,1,red,AC nivo 2
25.170839218170862,51.437496545956606,3017.9114583333335,1,red,AC nivo 2
25.204238462689908,51.42090492622967,2990.8258463541665,2,blue,DC
25.204301332559204,51.4209314626081,2990.8258463541665,1,red,AC nivo 2
25.20416226609906,51.42091097430921,2990.8258463541665,2,blue,DC
25.187493954635485,51.429194001781426,2947.6227213541665,3,yellow,Ultra brzi
25.18749026351667,51.42897227837969,2947.6227213541665,3,yellow,Ultra brzi
25.187493039142225,51.42915945100133,2947.6227213541665,2,blue,DC
25.17066675092792,51.454253234500655,2878.1917317708335,3,yellow,Ultra brzi
25.170891257812006,51.45426126279896,2878.1917317708335,3,yellow,Ultra brzi
25.170855457754282,51.45416877061035,2878.1917317708335,2,blue,DC
25.304190280959574,51.487619943663695,2770.1949869791665,2,blue,DC
25.303934858793042,51.48755943415411,2770.1949869791665,1,red,AC nivo 2
25.304164549007034,51.487504919301664,2770.1949869791665,2,blue,DC
25.287507915588606,51.52081604748134,2759.3102213541665,3,yellow,Ultra brzi
25.28771674468531,51.52099076187773,2759.3102213541665,2,blue,DC
25.287502159997086,51.52073173090949,2759.3102213541665,1,red,AC nivo 2
25.170903866309033,51.46258409063395,2672.1373697916665,2,blue,DC
25.17070830593573,51.462719623978884,2672.1373697916665,2,blue,DC
25.170814277049168,51.46251101096081,2672.1373697916665,1,red,AC nivo 2
25.1793171860072,51.44575015321671,2664.07763671875,1,red,AC nivo 2
25.179189562093143,51.44585496537582,2664.07763671875,1,red,AC nivo 2
25.179142650940257,51.44583823267307,2664.07763671875,3,yellow,Ultra brzi
25.17905453090252,51.42069722872052,2646.4169921875,2,blue,DC
25.179380091341418,51.42088054660713,2646.4169921875,1,red,AC nivo 2
25.179223422409414,51.4205670909323,2646.4169921875,1,red,AC nivo 2
25.16241059688036,51.45398476908765,2609.5958658854165,1,red,AC nivo 2
25.162503556205156,51.45417183435773,2609.5958658854165,1,red,AC nivo 2
25.162738407644657,51.45428072021149,2609.5958658854165,2,blue,DC
25.187344746043692,51.45394213810882,2577.4254557291665,1,red,AC nivo 2
25.187381242783964,51.45434820835343,2577.4254557291665,1,red,AC nivo 2
25.1875412978479,51.45418551245179,2577.4254557291665,1,red,AC nivo 2
25.254141739995152,51.56266067611153,2522.8190104166665,1,red,AC nivo 2
25.25404108199416,51.56244659728162,2522.8190104166665,1,red,AC nivo 2
25.25402890131602,51.562577467899665,2522.8190104166665,1,red,AC nivo 2
25.295954319192102,51.49580401510739,2499.8922526041665,3,yellow,Ultra brzi
25.295841433169844,51.495818205904435,2499.8922526041665,1,red,AC nivo 2
25.295719896012688,51.495942429413056,2499.8922526041665,1,red,AC nivo 2
25.28745121119487,51.54578128607189,2480.4918619791665,3,yellow,Ultra brzi
25.287294434406228,51.54599933049684,2480.4918619791665,4,green,AC nivo 2
25.287406655216664,51.54569209740142,2480.4918619791665,2,blue,DC
25.320846462235927,51.47083861211882,2461.5279947916665,1,red,AC nivo 2
25.320842488511808,51.47087229473742,2461.5279947916665,1,red,AC nivo 2
25.32083430453241,51.47083232397109,2461.5279947916665,1,red,AC nivo 2
25.195823094103027,51.40417873175708,2448.9117838541665,1,red,AC nivo 2
25.195825575646477,51.4041550619538,2448.9117838541665,2,blue,DC
25.19585315280709,51.40417566275323,2448.9117838541665,1,red,AC nivo 2
25.17081237413567,51.42100242358392,2447.8577473958335,2,blue,DC
25.170858150804534,51.42075762631607,2447.8577473958335,1,red,AC nivo 2
25.170787593864624,51.4210725993817,2447.8577473958335,1,red,AC nivo 2
25.245832698429698,51.50412796820011,2416.6455078125,1,red,AC nivo 2
25.24591123496521,51.50393342947918,2416.6455078125,2,blue,DC
25.245907588993205,51.50433366037098,2416.6455078125,2,blue,DC
25.245855118503627,51.495900932544814,2397.7159830729165,2,blue,DC
25.24569293332815,51.49583826618559,2397.7159830729165,1,red,AC nivo 2
25.245688998038414,51.49585358633859,2397.7159830729165,3,yellow,Ultra brzi
25.187548364787126,51.42105809348939,2396.49072265625,2,blue,DC
25.187457416885753,51.421100062696915,2396.49072265625,2,blue,DC
25.187418765183303,51.42082380865146,2396.49072265625,3,yellow,Ultra brzi
25.16256004936421,51.595960874474436,2365.3465169270835,2,blue,DC
25.16238053434569,51.59596251921595,2365.3465169270835,1,red,AC nivo 2
25.16249027542361,51.59583251345963,2365.3465169270835,2,blue,DC
25.23750717985633,51.495819063113025,2305.86181640625,1,red,AC nivo 2
25.23760284173465,51.49561847687592,2305.86181640625,2,blue,DC
25.237659248633307,51.49574141673137,2305.86181640625,2,blue,DC
25.204230322722374,51.41261048756172,2300.47412109375,2,blue,DC
25.204008683696873,51.41256903081519,2300.47412109375,1,red,AC nivo 2
25.20403327588948,51.412635787803325,2300.47412109375,1,red,AC nivo 2
25.329194095617964,51.47093337396206,2293.0314127604165,4,green,AC nivo 2
25.329055893837484,51.47079813365859,2293.0314127604165,1,red,AC nivo 2
25.329353789124994,51.471032841466595,2293.0314127604165,1,red,AC nivo 2
25.295752626783564,51.412267468339714,2210.2420247395835,2,blue,DC
25.295674403399698,51.412718925624425,2210.2420247395835,3,yellow,Ultra brzi
25.295934504192456,51.41222929583342,2210.2420247395835,2,blue,DC
25.229208636413286,51.49596686659117,2189.3234049479165,4,green,AC nivo 2
25.229042221053863,51.49595261857683,2189.3234049479165,2,blue,DC
25.2291668643673,51.49586233912476,2189.3234049479165,3,yellow,Ultra brzi
25.195663091779746,51.43752695556792,2185.72412109375,3,yellow,Ultra brzi
25.195635050222158,51.43769491943049,2185.72412109375,3,yellow,Ultra brzi
25.195766460991347,51.437548805074584,2185.72412109375,4,green,AC nivo 2
25.245882717025985,51.52070441308454,2124.4401041666665,1,red,AC nivo 2
25.24582234559148,51.52091686117898,2124.4401041666665,2,blue,DC
25.246078594181437,51.52073900219624,2124.4401041666665,2,blue,DC
25.287454652244076,51.420766361498416,2107.3736979166665,4,green,AC nivo 2
25.287486194153203,51.420769692518896,2107.3736979166665,2,blue,DC
25.287436348557883,51.420977594142435,2107.3736979166665,1,red,AC nivo 2
25.295756638524598,51.50422663127388,2103.0999348958335,1,red,AC nivo 2
25.295878833159367,51.50415753167711,2103.0999348958335,2,blue,DC
25.295825724525134,51.50415820971759,2103.0999348958335,1,red,AC nivo 2
25.27921435472544,51.412533176917684,2096.8387044270835,2,blue,DC
25.27936240112576,51.41248777019651,2096.8387044270835,1,red,AC nivo 2
25.279175909839015,51.41248820001258,2096.8387044270835,2,blue,DC
25.24578405959392,51.48737996983609,2093.2171223958335,4,green,AC nivo 2
25.24566841825628,51.48760487014727,2093.2171223958335,1,red,AC nivo 2
25.2457839904421,51.48764190626293,2093.2171223958335,2,blue,DC
25.179159799460894,51.45428203203012,2085.6624348958335,2,blue,DC
25.17912528344471,51.454155967913245,2085.6624348958335,1,red,AC nivo 2
25.179148344293683,51.45428924213718,2085.6624348958335,2,blue,DC
25.21228779226829,51.479206345188956,2084.9830729166665,2,blue,DC
25.212405791240883,51.479034684636574,2084.9830729166665,2,blue,DC
25.212536609930016,51.47912285529073,2084.9830729166665,1,red,AC nivo 2
25.229251115489948,51.48757042986431,2078.57861328125,1,red,AC nivo 2
25.229264432391698,51.48762481249035,2078.57861328125,1,red,AC nivo 2
25.229135167371687,51.48748157457891,2078.57861328125,1,red,AC nivo 2
25.312468486869523,51.47067025391455,2078.033203125,1,red,AC nivo 2
25.312281225298175,51.47095935660641,2078.033203125,1,red,AC nivo 2
25.31253700230891,51.47078058877735,2078.033203125,1,red,AC nivo 2
25.22095704601108,51.429401860235515,2077.3020833333335,1,red,AC nivo 2
25.22094586893311,51.4293540762664,2077.3020833333335,1,red,AC nivo 2
25.22079630955936,51.42926514018866,2077.3020833333335,1,red,AC nivo 2
25.19559811023525,51.429074406242556,2050.6897786458335,1,red,AC nivo 2
25.19587730025558,51.42916636557764,2050.6897786458335,1,red,AC nivo 2
25.195813787739507,51.429050308974674,2050.6897786458335,2,blue,DC
25.28743916515969,51.41277800851126,2049.0148111979165,1,red,AC nivo 2
25.28748329248474,51.4127111084424,2049.0148111979165,2,blue,DC
25.28770062413234,51.412448401576874,2049.0148111979165,3,yellow,Ultra brzi
25.26245107074832,51.512290532972116,2045.2184244791667,2,blue,DC
25.262525091071357,51.51242307121318,2045.2184244791667,3,yellow,Ultra brzi
25.262348866590607,51.512328112272385,2045.2184244791667,2,blue,DC
25.329353253700436,51.47899128085063,2024.8287760416667,2,blue,DC
25.3291885601387,51.479149211852246,2024.8287760416667,1,red,AC nivo 2
25.329079166057788,51.47926110743465,2024.8287760416667,2,blue,DC
25.23758805008341,51.50408714439962,2016.7438151041667,1,red,AC nivo 2
25.237499734343043,51.50417163125185,2016.7438151041667,4,green,AC nivo 2
25.23744950737421,51.504391481169534,2016.7438151041667,1,red,AC nivo 2
25.237544343187867,51.54583862051714,2014.6905924479167,1,red,AC nivo 2
25.237446645614366,51.54597942158967,2014.6905924479167,1,red,AC nivo 2
25.237345137183606,51.54603178398244,2014.6905924479167,3,yellow,Ultra brzi
25.220873527934522,51.48766044371842,2010.8084309895833,3,yellow,Ultra brzi
25.22087713293658,51.487226371553,2010.8084309895833,2,blue,DC
25.22085914564167,51.487470256566965,2010.8084309895833,3,yellow,Ultra brzi
25.237547487809596,51.55397143323682,2007.0948893229167,1,red,AC nivo 2
25.237494164016926,51.55416934264562,2007.0948893229167,3,yellow,Ultra brzi
25.23759977397321,51.554360029187414,2007.0948893229167,1,red,AC nivo 2
25.25423969204019,51.51254599441381,1995.1570638020833,1,red,AC nivo 2
25.254160317665924,51.512721272145264,1995.1570638020833,3,yellow,Ultra brzi
25.254152031529458,51.51251918911427,1995.1570638020833,2,blue,DC
25.237439763061676,51.53756987020655,1977.28466796875,3,yellow,Ultra brzi
25.237482486450276,51.53740573957267,1977.28466796875,3,yellow,Ultra brzi
25.23744988204574,51.53734857464027,1977.28466796875,1,red,AC nivo 2
25.220984040443934,51.47069077050805,1977.1448567708333,1,red,AC nivo 2
25.220724156845765,51.470911395868384,1977.1448567708333,4,green,AC nivo 2
25.220602436969045,51.47087884239562,1977.1448567708333,2,blue,DC
25.245907524612935,51.45426213226811,1976.3212890625,2,blue,DC
25.24571882624887,51.45413745812114,1976.3212890625,1,red,AC nivo 2
25.24572383775623,51.4540798738025,1976.3212890625,4,green,AC nivo 2
25.212341696548172,51.487604653855236,1975.42919921875,2,blue,DC
25.21242205240514,51.48765786010065,1975.42919921875,1,red,AC nivo 2
25.212495506143863,51.48746051093473,1975.42919921875,2,blue,DC
25.245715921349444,51.44608202861212,1973.6341145833333,3,yellow,Ultra brzi
25.24609493864374,51.445769759069414,1973.6341145833333,2,blue,DC
25.246048402994248,51.44589742744059,1973.6341145833333,4,green,AC nivo 2
25.254390145412863,51.46239276646907,1973.09130859375,3,yellow,Ultra brzi
25.254127117706844,51.46230262283503,1973.09130859375,2,blue,DC
25.254137494991593,51.462330888136314,1973.09130859375,4,green,AC nivo 2
25.154199239275048,51.595687301722805,1966.4873046875,2,blue,DC
25.154170731622532,51.59586017682834,1966.4873046875,1,red,AC nivo 2
25.154337462835908,51.59570990832724,1966.4873046875,1,red,AC nivo 2
25.229264735580607,51.47105226654784,1963.19775390625,1,red,AC nivo 2
25.22911361082769,51.47101237979525,1963.19775390625,2,blue,DC
25.2291311980871,51.4708825359834,1963.19775390625,2,blue,DC
25.237508850409625,51.56251794470794,1955.279296875,1,red,AC nivo 2
25.237516854730572,51.562508353999725,1955.279296875,1,red,AC nivo 2
25.23769007215696,51.56263211079622,1955.279296875,4,green,AC nivo 2
25.262465799112213,51.487494795574534,1908.59423828125,3,yellow,Ultra brzi
25.262355799453594,51.48747378400495,1908.59423828125,1,red,AC nivo 2
25.262444601004187,51.4875003915145,1908.59423828125,3,yellow,Ultra brzi
25.253951867952384,51.50426969722278,1888.6533203125,2,blue,DC
25.254065737906988,51.50426594412905,1888.6533203125,1,red,AC nivo 2
25.254223709696618,51.50413630066339,1888.6533203125,1,red,AC nivo 2
25.295813581262053,51.420689891168514,1888.3697916666667,1,red,AC nivo 2
25.29585611769128,51.420728139566265,1888.3697916666667,2,blue,DC
25.295737812006642,51.42080353461141,1888.3697916666667,1,red,AC nivo 2
25.312664603918225,51.495629143552,1887.8678385416667,2,blue,DC
25.31232147248624,51.49561693803728,1887.8678385416667,2,blue,DC
25.31247505599649,51.495586416821666,1887.8678385416667,2,blue,DC
25.262558056058257,51.52078263357626,1885.75390625,2,blue,DC
25.26260508055658,51.52082268032804,1885.75390625,1,red,AC nivo 2
25.262451646356098,51.52083334832522,1885.75390625,1,red,AC nivo 2
25.245872987185823,51.512408649088144,1870.3414713541667,1,red,AC nivo 2
25.245811680743284,51.51243868235607,1870.3414713541667,2,blue,DC
25.24577198716589,51.512591115651844,1870.3414713541667,1,red,AC nivo 2
25.1708343618771,51.59584281088101,1861.6329752604167,2,blue,DC
25.17086600179076,51.595551699644865,1861.6329752604167,2,blue,DC
25.170840086060927,51.59588030102599,1861.6329752604167,3,yellow,Ultra brzi
25.32082073068067,51.48751925304283,1850.8487955729167,2,blue,DC
25.32077505299394,51.48741028873157,1850.8487955729167,4,green,AC nivo 2
25.320608017484496,51.48739575764464,1850.8487955729167,1,red,AC nivo 2
25.287660453232906,51.42895582155665,1841.3849283854167,2,blue,DC
25.28764613703068,51.429095981612086,1841.3849283854167,1,red,AC nivo 2
25.287490098871668,51.42916557891655,1841.3849283854167,1,red,AC nivo 2
25.27927984337689,51.42092611530894,1840.39306640625,1,red,AC nivo 2
25.279238943906833,51.42073102803238,1840.39306640625,2,blue,DC
25.279224100119187,51.42083389015585,1840.39306640625,2,blue,DC
25.254169574420644,51.48745196247118,1837.0188802083333,1,red,AC nivo 2
25.254190875258114,51.487579921417144,1837.0188802083333,1,red,AC nivo 2
25.25399257836705,51.48734107787259,1837.0188802083333,1,red,AC nivo 2
25.270864941392635,51.421007655951556,1822.3282877604167,1,red,AC nivo 2
25.270715795474455,51.420807614088694,1822.3282877604167,1,red,AC nivo 2
25.27064158692118,51.420714964145844,1822.3282877604167,1,red,AC nivo 2
25.26252741855759,51.47097749877385,1817.4246419270833,1,red,AC nivo 2
25.262613186045968,51.470920679714446,1817.4246419270833,1,red,AC nivo 2
25.262568807868792,51.47054466701323,1817.4246419270833,3,yellow,Ultra brzi
25.270754566006662,51.41251252156338,1816.5657552083333,2,blue,DC
25.270745625608136,51.41244600536274,1816.5657552083333,4,green,AC nivo 2
25.270938411194667,51.41260390928327,1816.5657552083333,2,blue,DC
25.25423987153652,51.49557943023502,1816.4021809895833,2,blue,DC
25.254265065240535,51.49581738524732,1816.4021809895833,1,red,AC nivo 2
25.254166589184745,51.49586542706556,1816.4021809895833,3,yellow,Ultra brzi
25.253966638025812,51.53759286560364,1805.3977864583333,2,blue,DC
25.254188956655124,51.537751043874955,1805.3977864583333,3,yellow,Ultra brzi
25.25415400765367,51.53744092049079,1805.3977864583333,2,blue,DC
25.25401746540267,51.478985864152975,1803.95263671875,2,blue,DC
25.2542067861293,51.47914595256282,1803.95263671875,2,blue,DC
25.254258314464245,51.47895782449613,1803.95263671875,1,red,AC nivo 2
25.187503366132642,51.43758673501262,1796.4581705729167,1,red,AC nivo 2
25.187594270755095,51.43747035396533,1796.4581705729167,1,red,AC nivo 2
25.187453189991636,51.437707102264156,1796.4581705729167,1,red,AC nivo 2
25.187587622857396,51.60427241409542,1772.89306640625,2,blue,DC
25.18740811982813,51.604291769203215,1772.89306640625,1,red,AC nivo 2
25.187362775596174,51.60405056502439,1772.89306640625,1,red,AC nivo 2
25.24561578499014,51.52927464137658,1766.037109375,1,red,AC nivo 2
25.24596252799112,51.528926975403834,1766.037109375,2,blue,DC
25.245648070705325,51.52923826054468,1766.037109375,1,red,AC nivo 2
25.19576544960647,51.504200764205414,1765.8876953125,1,red,AC nivo 2
25.195686175305713,51.503935859085125,1765.8876953125,2,blue,DC
25.19585928921353,51.50408569647228,1765.8876953125,3,yellow,Ultra brzi
25.179195419028233,51.60439335669137,1761.5774739583333,2,blue,DC
25.17910215141335,51.60391872287932,1761.5774739583333,3,yellow,Ultra brzi
25.179307654310897,51.60436983076773,1761.5774739583333,2,blue,DC
25.23743307284559,51.48753252852859,1755.25537109375,2,blue,DC
25.237352192772605,51.487745706676066,1755.25537109375,1,red,AC nivo 2
25.237521948295374,51.48749226858664,1755.25537109375,2,blue,DC
25.22075634213347,51.47936236586577,1751.0921223958333,1,red,AC nivo 2
25.220843012147757,51.479168096500516,1751.0921223958333,2,blue,DC
25.22105836064438,51.479237744925314,1751.0921223958333,1,red,AC nivo 2
25.162457099807227,51.604247810398384,1749.07177734375,3,yellow,Ultra brzi
25.162523327968255,51.604074383579565,1749.07177734375,1,red,AC nivo 2
25.1624930064231,51.60405606020394,1749.07177734375,1,red,AC nivo 2
25.22913620507685,51.4792759960067,1747.9716796875,1,red,AC nivo 2
25.229176858119267,51.47918518901594,1747.9716796875,1,red,AC nivo 2
25.2293283850914,51.47897849811009,1747.9716796875,2,blue,DC
25.25398698136579,51.44588239213256,1728.9884440104167,1,red,AC nivo 2
25.254235362049783,51.44574394859455,1728.9884440104167,1,red,AC nivo 2
25.254118559585997,51.445613944364865,1728.9884440104167,1,red,AC nivo 2
25.220866411250313,51.462518464019766,1727.6676432291667,1,red,AC nivo 2
25.220833962732222,51.462288868403995,1727.6676432291667,1,red,AC nivo 2
25.22092170873385,51.462725258857915,1727.6676432291667,4,green,AC nivo 2
25.22919509442055,51.53740497250783,1722.6458333333333,2,blue,DC
25.229150890405553,51.53752685521464,1722.6458333333333,2,blue,DC
25.229139040273225,51.53751005682289,1722.6458333333333,1,red,AC nivo 2
25.245671468822685,51.53744894589007,1714.7158203125,1,red,AC nivo 2
25.245816762623225,51.53748856206678,1714.7158203125,1,red,AC nivo 2
25.245687258669726,51.53734394421288,1714.7158203125,2,blue,DC
25.38760101193823,51.42930382433326,1710.8115234375,1,red,AC nivo 2
25.387522170670888,51.42911333602087,1710.8115234375,1,red,AC nivo 2
25.387724344733144,51.429015680391366,1710.8115234375,2,blue,DC
25.279110812611393,51.553913355112954,1706.3917643229167,2,blue,DC
25.279142451250056,51.55436207014834,1706.3917643229167,2,blue,DC
25.279177680964278,51.554159773965644,1706.3917643229167,1,red,AC nivo 2
25.220861053061714,51.45410203723886,1704.240234375,3,yellow,Ultra brzi
25.22088821813716,51.45398415449195,1704.240234375,2,blue,DC
25.220867958380172,51.45405249822147,1704.240234375,1,red,AC nivo 2
25.212263230323774,51.42091713088287,1698.947265625,1,red,AC nivo 2
25.212538183820946,51.420852543852625,1698.947265625,3,yellow,Ultra brzi
25.212742773334544,51.42078619751748,1698.947265625,1,red,AC nivo 2
25.237658581519646,51.46273030872851,1698.7490234375,1,red,AC nivo 2
25.237476925003197,51.462763608612896,1698.7490234375,3,yellow,Ultra brzi
25.237505522729244,51.46249508936472,1698.7490234375,2,blue,DC
25.26258819388205,51.49583834957821,1696.01171875,1,red,AC nivo 2
25.262693867112656,51.495733585003066,1696.01171875,1,red,AC nivo 2
25.262325021483964,51.495999250339686,1696.01171875,2,blue,DC
25.204133773151185,51.47092919130809,1682.7405598958333,1,red,AC nivo 2
25.20426137312783,51.471098454544084,1682.7405598958333,1,red,AC nivo 2
25.204208105116177,51.47070242036077,1682.7405598958333,1,red,AC nivo 2
25.25414358118556,51.454452418773734,1678.44775390625,4,green,AC nivo 2
25.254121638647895,51.45420365207103,1678.44775390625,2,blue,DC
25.25399441626245,51.45426343317175,1678.44775390625,3,yellow,Ultra brzi
25.254170708141277,51.520800206455775,1663.4153645833333,2,blue,DC
25.25433830376461,51.52076542694067,1663.4153645833333,2,blue,DC
25.254375408365163,51.52092789320927,1663.4153645833333,2,blue,DC
25.221055827059715,51.43745524738803,1659.18359375,1,red,AC nivo 2
25.220960821889243,51.437507733121734,1659.18359375,3,yellow,Ultra brzi
25.220630849598138,51.437358495247885,1659.18359375,2,blue,DC
25.295812733030143,51.48749867430611,1650.7394205729167,1,red,AC nivo 2
25.296068005993735,51.48738400062647,1650.7394205729167,1,red,AC nivo 2
25.29581922009118,51.48750045733884,1650.7394205729167,2,blue,DC
25.21260615512325,51.470645056116076,1634.6539713541667,2,blue,DC
25.212502174035887,51.47083201583901,1634.6539713541667,4,green,AC nivo 2
25.212429948623896,51.47086573966404,1634.6539713541667,2,blue,DC
25.179321356299823,51.59596950185514,1633.8382161458333,2,blue,DC
25.179161207215202,51.59584215726111,1633.8382161458333,1,red,AC nivo 2
25.179311947065877,51.59601107075883,1633.8382161458333,1,red,AC nivo 2
25.19578797042447,51.42079287555231,1628.4632161458333,1,red,AC nivo 2
25.195821880991105,51.42079577999092,1628.4632161458333,1,red,AC nivo 2
25.19575164030792,51.420659600699125,1628.4632161458333,3,yellow,Ultra brzi
25.237638001994462,51.45417103087255,1626.3748372395833,1,red,AC nivo 2
25.237469926570565,51.45394224755068,1626.3748372395833,2,blue,DC
25.237434711832897,51.453912202901584,1626.3748372395833,2,blue,DC
25.3375099237739,51.45389103357496,1615.95654296875,1,red,AC nivo 2
25.3374923162108,51.45417093658798,1615.95654296875,3,yellow,Ultra brzi
25.337532813061493,51.45424361296887,1615.95654296875,1,red,AC nivo 2
25.26252838409275,51.462507440523375,1606.19140625,3,yellow,Ultra brzi
25.26243266385555,51.46249021696373,1606.19140625,1,red,AC nivo 2
25.262455989885257,51.462714542171355,1606.19140625,2,blue,DC
25.379308918250533,51.42062891888169,1595.2386067708333,2,blue,DC
25.379035444484114,51.42098614022767,1595.2386067708333,3,yellow,Ultra brzi
25.379191287524442,51.42079636659761,1595.2386067708333,1,red,AC nivo 2
25.18755361803969,51.59601613718056,1592.2218424479167,1,red,AC nivo 2
25.187495169924247,51.59588951427866,1592.2218424479167,2,blue,DC
25.187497335925247,51.59583592715422,1592.2218424479167,2,blue,DC
25.245821774169784,51.46250439687491,1587.5384114583333,1,red,AC nivo 2
25.245835516519595,51.46256385546049,1587.5384114583333,2,blue,DC
25.245817392362586,51.46253187565741,1587.5384114583333,3,yellow,Ultra brzi
25.2289845564497,51.45420262481203,1582.822265625,1,red,AC nivo 2
25.229034436247765,51.45439995278907,1582.822265625,2,blue,DC
25.229219376366295,51.45409541174921,1582.822265625,3,yellow,Ultra brzi
25.304367770928124,51.47922115553994,1582.416015625,1,red,AC nivo 2
25.304172515243806,51.479264561439365,1582.416015625,3,yellow,Ultra brzi
25.303930467582074,51.47902338433302,1582.416015625,3,yellow,Ultra brzi
25.254128127338493,51.52929860171537,1580.1228841145833,1,red,AC nivo 2
25.254038698538746,51.529019555065915,1580.1228841145833,1,red,AC nivo 2
25.25420468163786,51.52933814143288,1580.1228841145833,1,red,AC nivo 2
25.162329524331422,51.58744542412446,1577.2096354166667,3,yellow,Ultra brzi
25.162525766207487,51.587523941044516,1577.2096354166667,2,blue,DC
25.16271895921275,51.587461619743614,1577.2096354166667,1,red,AC nivo 2
25.15428477643859,51.60392000420954,1572.3896484375,1,red,AC nivo 2
25.15426971929264,51.60413706777169,1572.3896484375,1,red,AC nivo 2
25.154171320313388,51.603974774578546,1572.3896484375,4,green,AC nivo 2
25.228996615058765,51.54575808118734,1568.9256184895833,3,yellow,Ultra brzi
25.229068720336986,51.546065202113006,1568.9256184895833,3,yellow,Ultra brzi
25.22913359126285,51.54585675387567,1568.9256184895833,1,red,AC nivo 2
25.229338749192884,51.43751220191102,1562.0320638020833,1,red,AC nivo 2
25.22919657193645,51.43778200193841,1562.0320638020833,1,red,AC nivo 2
25.22919576276961,51.437587699839106,1562.0320638020833,1,red,AC nivo 2
25.195972970150997,51.454150329507705,1561.6276041666667,3,yellow,Ultra brzi
25.19601938757079,51.454056223241864,1561.6276041666667,2,blue,DC
25.19587625701448,51.454209469516215,1561.6276041666667,2,blue,DC
25.295653351507674,51.42933668417065,1560.7403971354167,2,blue,DC
25.295770725155858,51.429284996023384,1560.7403971354167,1,red,AC nivo 2
25.295746687133043,51.42917741132163,1560.7403971354167,1,red,AC nivo 2
25.345836925538034,51.51248315246282,1558.8172200520833,3,yellow,Ultra brzi
25.34586709544146,51.512742299491215,1558.8172200520833,2,blue,DC
25.345730875230043,51.512397179682196,1558.8172200520833,1,red,AC nivo 2
25.237476305938394,51.43752742023211,1558.2054036458333,2,blue,DC
25.237243966167135,51.43757795054205,1558.2054036458333,1,red,AC nivo 2
25.23737176828395,51.43740243997061,1558.2054036458333,1,red,AC nivo 2
25.354405051829488,51.50414935757504,1539.0232747395833,3,yellow,Ultra brzi
25.354423895843524,51.50416430993327,1539.0232747395833,1,red,AC nivo 2
25.3541261336919,51.50408665291859,1539.0232747395833,1,red,AC nivo 2
25.35410186949488,51.51242421045843,1533.4431966145833,1,red,AC nivo 2
25.35418068861641,51.51246107710228,1533.4431966145833,2,blue,DC
25.35394656283307,51.512557535845296,1533.4431966145833,2,blue,DC
25.22901150194127,51.5542162206385,1516.4597981770833,1,red,AC nivo 2
25.229229545285914,51.55421492030399,1516.4597981770833,3,yellow,Ultra brzi
25.229336752305894,51.55411053164735,1516.4597981770833,2,blue,DC
25.279074823368656,51.48761466609259,1513.5572916666667,3,yellow,Ultra brzi
25.27919992667073,51.487267240574425,1513.5572916666667,1,red,AC nivo 2
25.279203629307602,51.4874229035968,1513.5572916666667,1,red,AC nivo 2
25.26251286686273,51.47935549828128,1512.5735677083333,1,red,AC nivo 2
25.262350219617066,51.47913711150252,1512.5735677083333,1,red,AC nivo 2
25.262519168974478,51.47925835140275,1512.5735677083333,2,blue,DC
25.154168147763073,51.43739240038525,1508.9114583333333,1,red,AC nivo 2
25.1541674930582,51.43748520220152,1508.9114583333333,1,red,AC nivo 2
25.15422032539374,51.43748025185661,1508.9114583333333,2,blue,DC
25.170587719004747,51.604203169436744,1504.73828125,2,blue,DC
25.17083222899372,51.604233431905165,1504.73828125,2,blue,DC
25.171076315223825,51.60414147542517,1504.73828125,1,red,AC nivo 2
25.370817459224952,51.42916207857179,1500.2236328125,1,red,AC nivo 2
25.370779910025608,51.42911987463816,1500.2236328125,2,blue,DC
25.370889889975864,51.429436683447065,1500.2236328125,1,red,AC nivo 2
25.179079373125838,51.46240890642413,1496.9069010416667,1,red,AC nivo 2
25.1792593897198,51.46254152570807,1496.9069010416667,2,blue,DC
25.179220452641104,51.46243108451106,1496.9069010416667,1,red,AC nivo 2
25.270761347551613,51.48766133596647,1495.3077799479167,1,red,AC nivo 2
25.270831549555368,51.48766503296145,1495.3077799479167,2,blue,DC
25.270842616275658,51.48741422940411,1495.3077799479167,3,yellow,Ultra brzi
25.237347205461127,51.470861659008214,1487.6241861979167,1,red,AC nivo 2
25.237460858085946,51.470882841222355,1487.6241861979167,1,red,AC nivo 2
25.237614925509956,51.470943346508435,1487.6241861979167,3,yellow,Ultra brzi
25.212504906686505,51.41249693289409,1485.7469075520833,2,blue,DC
25.212672575867927,51.41228481566623,1485.7469075520833,1,red,AC nivo 2
25.212248566887965,51.41242330197809,1485.7469075520833,1,red,AC nivo 2
25.337459048367403,51.46234301777024,1481.5008138020833,2,blue,DC
25.337377802786758,51.46253054005539,1481.5008138020833,1,red,AC nivo 2
25.337474045909246,51.462435436353445,1481.5008138020833,3,yellow,Ultra brzi
25.33747169581735,51.470689451295826,1479.2838541666667,3,yellow,Ultra brzi
25.337384643420272,51.47058271220591,1479.2838541666667,2,blue,DC
25.33751151167867,51.47095199093228,1479.2838541666667,4,green,AC nivo 2
25.379164666309308,51.42918125734533,1465.3035481770833,1,red,AC nivo 2
25.379044960034847,51.429035622237784,1465.3035481770833,1,red,AC nivo 2
25.379328872795487,51.42916507732509,1465.3035481770833,2,blue,DC
25.203973977575302,51.454328772805,1446.9695638020833,1,red,AC nivo 2
25.204248098546877,51.4541744424967,1446.9695638020833,2,blue,DC
25.204167429319988,51.454117645504866,1446.9695638020833,1,red,AC nivo 2
25.18735301704098,51.44602598108816,1435.50830078125,1,red,AC nivo 2
25.18746354289325,51.44589233472421,1435.50830078125,2,blue,DC
25.187516359838337,51.445817777154105,1435.50830078125,3,yellow,Ultra brzi
25.20421970624154,51.47909213195809,1435.2801106770833,1,red,AC nivo 2
25.204201368972896,51.47930597339947,1435.2801106770833,2,blue,DC
25.203908332179758,51.479195623189526,1435.2801106770833,3,yellow,Ultra brzi
25.287502186217388,51.537361949424294,1426.0608723958333,1,red,AC nivo 2
25.287420352735232,51.53746444825804,1426.0608723958333,2,blue,DC
25.28760363047383,51.53748661024175,1426.0608723958333,2,blue,DC
25.16263336657001,51.554037191997196,1422.2985026041667,2,blue,DC
25.16258282989521,51.55411265462232,1422.2985026041667,3,yellow,Ultra brzi
25.162414029531696,51.55422070582217,1422.2985026041667,1,red,AC nivo 2
25.262619774940887,51.50391434953864,1408.03857421875,1,red,AC nivo 2
25.262555171662687,51.50404571739135,1408.03857421875,1,red,AC nivo 2
25.262594054425225,51.503974473002444,1408.03857421875,2,blue,DC
25.237451141272366,51.520825850896756,1406.3287760416667,4,green,AC nivo 2
25.237514674878746,51.52104147217491,1406.3287760416667,3,yellow,Ultra brzi
25.23754803561842,51.52099076750026,1406.3287760416667,1,red,AC nivo 2
25.20422574869426,51.44564882446924,1405.7259114583333,1,red,AC nivo 2
25.204113316090112,51.44578356600839,1405.7259114583333,1,red,AC nivo 2
25.20417356603083,51.44583931854233,1405.7259114583333,3,yellow,Ultra brzi
25.362560064151086,51.43751891647444,1401.8009440104167,1,red,AC nivo 2
25.362393472868085,51.43745427426317,1401.8009440104167,1,red,AC nivo 2
25.362523435583586,51.437585618927386,1401.8009440104167,2,blue,DC
25.26229127514905,51.55422313348696,1400.3180338541667,1,red,AC nivo 2
25.262494092006534,51.554155618880706,1400.3180338541667,1,red,AC nivo 2
25.26245044751397,51.55417216201666,1400.3180338541667,2,blue,DC
25.21264620069696,51.45395729702857,1397.2840169270833,3,yellow,Ultra brzi
25.212313369500208,51.454091872279044,1397.2840169270833,1,red,AC nivo 2
25.21241507654313,51.4539413739325,1397.2840169270833,1,red,AC nivo 2
25.16248910870229,51.54589956136375,1385.2434895833333,1,red,AC nivo 2
25.162494241826614,51.545546919221074,1385.2434895833333,3,yellow,Ultra brzi
25.16251958650396,51.54600010331211,1385.2434895833333,2,blue,DC
25.387403423713142,51.42080184406928,1384.58984375,3,yellow,Ultra brzi
25.387500287504217,51.42079310171553,1384.58984375,1,red,AC nivo 2
25.387419770202904,51.420925155306534,1384.58984375,3,yellow,Ultra brzi
25.2043433341372,51.46243975495741,1376.8883463541667,1,red,AC nivo 2
25.20410146909128,51.46221020114106,1376.8883463541667,2,blue,DC
25.20419054845715,51.46267692448304,1376.8883463541667,1,red,AC nivo 2
25.262534383546388,51.41252938874945,1371.3951822916667,2,blue,DC
25.26242631893482,51.41226690367967,1371.3951822916667,2,blue,DC
25.262397495181343,51.41236890587757,1371.3951822916667,1,red,AC nivo 2
25.345898643906985,51.45388983464271,1370.5862630208333,4,green,AC nivo 2
25.346028095362257,51.4540569550914,1370.5862630208333,3,yellow,Ultra brzi
25.345645547770978,51.45426027947684,1370.5862630208333,2,blue,DC
25.34585827497473,51.47110060294432,1347.2616373697917,2,blue,DC
25.34578449379247,51.47111966872011,1347.2616373697917,1,red,AC nivo 2
25.345810861004402,51.47090704068297,1347.2616373697917,1,red,AC nivo 2
25.254099412010216,51.420956217459114,1344.1024576822917,1,red,AC nivo 2
25.254188778766018,51.42090717432796,1344.1024576822917,1,red,AC nivo 2
25.25435436957317,51.42064789224077,1344.1024576822917,1,red,AC nivo 2
25.27090018813724,51.47927470157044,1341.1050618489583,2,blue,DC
25.270638064333877,51.47928486605346,1341.1050618489583,1,red,AC nivo 2
25.27077488799848,51.4790628998195,1341.1050618489583,1,red,AC nivo 2
25.237539496666553,51.44565741673637,1334.6907552083333,3,yellow,Ultra brzi
25.23755418733153,51.44606089975896,1334.6907552083333,3,yellow,Ultra brzi
25.237266757346166,51.44588901854101,1334.6907552083333,1,red,AC nivo 2
25.245812884031547,51.47079361166397,1327.4925130208333,1,red,AC nivo 2
25.245840136258032,51.47065938841569,1327.4925130208333,3,yellow,Ultra brzi
25.24572429019413,51.47080010532482,1327.4925130208333,1,red,AC nivo 2
25.22915802560726,51.44581630714589,1327.0220540364583,1,red,AC nivo 2
25.22891486204029,51.44582569521058,1327.0220540364583,3,yellow,Ultra brzi
25.22917723286994,51.44587159510658,1327.0220540364583,2,blue,DC
25.237381780613585,51.429248247714376,1314.493408203125,2,blue,DC
25.237407135096483,51.42926671040148,1314.493408203125,2,blue,DC
25.23740284390053,51.42895551490495,1314.493408203125,2,blue,DC
25.337597746035836,51.44586865986355,1308.186279296875,1,red,AC nivo 2
25.337496107124938,51.445828160340504,1308.186279296875,3,yellow,Ultra brzi
25.33766420759597,51.44577244396802,1308.186279296875,2,blue,DC
25.23737995325668,51.42084497433859,1300.716796875,3,yellow,Ultra brzi
25.23751097745013,51.420848174921424,1300.716796875,2,blue,DC
25.23739558302437,51.42058261542244,1300.716796875,2,blue,DC
25.212501756203082,51.43749290875112,1293.1297200520833,1,red,AC nivo 2
25.21263427259082,51.43753609119647,1293.1297200520833,2,blue,DC
25.21235383860252,51.43741883791911,1293.1297200520833,1,red,AC nivo 2
25.329339097345635,51.4873110010771,1280.7390950520833,3,yellow,Ultra brzi
25.329256610777495,51.48749238784186,1280.7390950520833,2,blue,DC
25.328904337983946,51.48755724723505,1280.7390950520833,2,blue,DC
25.26249548545218,51.429149451423996,1279.6378580729167,3,yellow,Ultra brzi
25.262640301690688,51.429066838514515,1279.6378580729167,3,yellow,Ultra brzi
25.262532690662404,51.42926294852439,1279.6378580729167,1,red,AC nivo 2
25.19567818230851,51.445741263963626,1277.9409993489583,2,blue,DC
25.195663706306497,51.44595033809592,1277.9409993489583,1,red,AC nivo 2
25.195576445608264,51.445772952942065,1277.9409993489583,1,red,AC nivo 2
25.17085805762723,51.57079683459069,1276.198486328125,2,blue,DC
25.171017001325595,51.5709857557536,1276.198486328125,1,red,AC nivo 2
25.17062848714579,51.57065032760579,1276.198486328125,1,red,AC nivo 2
25.395789122060798,51.420853392727565,1273.0620930989583,2,blue,DC
25.396035127652603,51.42088521617537,1273.0620930989583,3,yellow,Ultra brzi
25.395983746342413,51.42092864550548,1273.0620930989583,2,blue,DC
25.270649935044304,51.42908006376032,1269.423583984375,2,blue,DC
25.27089338903334,51.429141403064264,1269.423583984375,3,yellow,Ultra brzi
25.270632235929206,51.42919017313204,1269.423583984375,1,red,AC nivo 2
25.2541742139448,51.412525272053024,1266.6122233072917,1,red,AC nivo 2
25.25432933921633,51.412710767469896,1266.6122233072917,1,red,AC nivo 2
25.25418014422259,51.412441180322034,1266.6122233072917,2,blue,DC
25.262671266985482,51.42085135191861,1264.7247721354167,1,red,AC nivo 2
25.262473414275856,51.42089352055543,1264.7247721354167,4,green,AC nivo 2
25.262539898717943,51.42096611814677,1264.7247721354167,2,blue,DC
25.229028119976213,51.50440009108196,1254.4380696614583,2,blue,DC
25.22894481532141,51.504057871810176,1254.4380696614583,2,blue,DC
25.229382791279242,51.50404345669103,1254.4380696614583,2,blue,DC
25.36234305038343,51.50416754903019,1252.8712565104167,1,red,AC nivo 2
25.362494899702938,51.50416444980959,1252.8712565104167,1,red,AC nivo 2
25.362538665881257,51.504150852993114,1252.8712565104167,2,blue,DC
25.22899321236549,51.42909871199352,1251.7486979166667,1,red,AC nivo 2
25.229199947269386,51.42900839143702,1251.7486979166667,1,red,AC nivo 2
25.22902386239162,51.42897676303444,1251.7486979166667,1,red,AC nivo 2
25.329055447893634,51.520676439483466,1245.6475423177083,3,yellow,Ultra brzi
25.329178933753585,51.52081503259934,1245.6475423177083,3,yellow,Ultra brzi
25.329159794152886,51.52083148805641,1245.6475423177083,1,red,AC nivo 2
25.304171362684798,51.41250599231306,1243.088134765625,1,red,AC nivo 2
25.30422618528034,51.41242585270538,1243.088134765625,1,red,AC nivo 2
25.30395660793157,51.41246800734366,1243.088134765625,1,red,AC nivo 2
25.395740064143347,51.428909518497335,1240.27294921875,1,red,AC nivo 2
25.3956446537783,51.42917915678777,1240.27294921875,1,red,AC nivo 2
25.395853044496484,51.429142122651,1240.27294921875,2,blue,DC
25.229143611973644,51.46250400968225,1238.1605631510417,1,red,AC nivo 2
25.229087806628918,51.46246637085188,1238.1605631510417,2,blue,DC
25.229234870100793,51.46238149480804,1238.1605631510417,2,blue,DC
25.23762271663816,51.51272127398526,1235.6713053385417,3,yellow,Ultra brzi
25.237495488935394,51.51250171156002,1235.6713053385417,3,yellow,Ultra brzi
25.237488139554152,51.512612425313584,1235.6713053385417,1,red,AC nivo 2
25.320870814979138,51.49583926434432,1234.4703776041667,2,blue,DC
25.32080735932586,51.49592878631864,1234.4703776041667,1,red,AC nivo 2
25.32075945203165,51.49586632215864,1234.4703776041667,1,red,AC nivo 2
25.412446740644608,51.412623572511876,1225.0852864583333,2,blue,DC
25.412379488729314,51.41267844774579,1225.0852864583333,4,green,AC nivo 2
25.412501157890052,51.412493903614426,1225.0852864583333,1,red,AC nivo 2
25.362514631590965,51.44585825844559,1224.350341796875,1,red,AC nivo 2
25.362442410584425,51.445917226620026,1224.350341796875,1,red,AC nivo 2
25.362499361328233,51.44561483844875,1224.350341796875,1,red,AC nivo 2
25.379302973796726,51.462361884204554,1220.1714680989583,1,red,AC nivo 2
25.378945778262516,51.46233154368293,1220.1714680989583,2,blue,DC
25.37910100154697,51.462408654163525,1220.1714680989583,1,red,AC nivo 2
25.32083031766216,51.462509108049666,1219.9288736979167,3,yellow,Ultra brzi
25.32102403343288,51.4624219232194,1219.9288736979167,1,red,AC nivo 2
25.32066466332625,51.46268112204213,1219.9288736979167,1,red,AC nivo 2
25.3458437362082,51.504027484058405,1218.0491536458333,4,green,AC nivo 2
25.34606484193236,51.50409275656231,1218.0491536458333,1,red,AC nivo 2
25.34572504093273,51.50420808482043,1218.0491536458333,2,blue,DC
25.212516218049917,51.44585727547517,1217.4580078125,1,red,AC nivo 2
25.212464158073647,51.445882366702136,1217.4580078125,1,red,AC nivo 2
25.212680310985764,51.4459239450294,1217.4580078125,2,blue,DC
25.371013329985292,51.4374495560512,1209.47998046875,3,yellow,Ultra brzi
25.37102955858879,51.437356458556174,1209.47998046875,2,blue,DC
25.370747984724034,51.437375279247796,1209.47998046875,4,green,AC nivo 2
25.245749903201645,51.420947271888025,1208.94287109375,4,green,AC nivo 2
25.245813495178414,51.42087862280925,1208.94287109375,1,red,AC nivo 2
25.24565546759319,51.420838190791734,1208.94287109375,2,blue,DC
25.18732928747648,51.46238684806784,1208.8738606770833,2,blue,DC
25.18750022193927,51.462499098679544,1208.8738606770833,1,red,AC nivo 2
25.1875183844589,51.46258298444768,1208.8738606770833,2,blue,DC
25.329067735265458,51.46246104440781,1207.93994140625,3,yellow,Ultra brzi
25.329133821698026,51.46244322767129,1207.93994140625,2,blue,DC
25.329166308210013,51.46249920782514,1207.93994140625,2,blue,DC
25.15407603563099,51.53726179428504,1203.6598307291667,1,red,AC nivo 2
25.154315619261556,51.537297025839955,1203.6598307291667,2,blue,DC
25.154254721462046,51.53777469270884,1203.6598307291667,1,red,AC nivo 2
25.245786138416804,51.429148202159865,1179.4566243489583,2,blue,DC
25.245849649978187,51.4291771902634,1179.4566243489583,3,yellow,Ultra brzi
25.245723121175708,51.42902373319373,1179.4566243489583,2,blue,DC
25.237540864536484,51.37897472915988,1179.074462890625,2,blue,DC
25.237456681398132,51.37915984166073,1179.074462890625,2,blue,DC
25.237500128461072,51.37916453706846,1179.074462890625,3,yellow,Ultra brzi
25.35414310238028,51.445790732666275,1178.4490559895833,1,red,AC nivo 2
25.354299277183433,51.446059469467656,1178.4490559895833,2,blue,DC
25.35434109505729,51.44573762748885,1178.4490559895833,3,yellow,Ultra brzi
25.245850515069094,51.479304331563675,1172.9667154947917,1,red,AC nivo 2
25.24581555702988,51.47919457295702,1172.9667154947917,1,red,AC nivo 2
25.245834860962777,51.47918295345917,1172.9667154947917,2,blue,DC
25.245896286212012,51.40415354884329,1164.5462239583333,2,blue,DC
25.245783131730352,51.40421359138397,1164.5462239583333,2,blue,DC
25.245745432048658,51.40402937111503,1164.5462239583333,2,blue,DC
25.287500537214072,51.43749568784223,1155.3235677083333,1,red,AC nivo 2
25.287545567669124,51.43767034276858,1155.3235677083333,1,red,AC nivo 2
25.28730327304195,51.437385366232014,1155.3235677083333,1,red,AC nivo 2
25.25425438649825,51.47088601880027,1151.4160970052083,2,blue,DC
25.25405316252382,51.47091931741051,1151.4160970052083,3,yellow,Ultra brzi
25.25404909317784,51.471008347767295,1151.4160970052083,4,green,AC nivo 2
25.18751318828563,51.47084341185595,1150.1055501302083,1,red,AC nivo 2
25.187490879433458,51.47085693195095,1150.1055501302083,1,red,AC nivo 2
25.187378633625173,51.470940187790674,1150.1055501302083,2,blue,DC
25.212607211141265,51.46256819106478,1149.2984212239583,4,green,AC nivo 2
25.212357193078898,51.462441796516714,1149.2984212239583,4,green,AC nivo 2
25.21270487574335,51.462542520589224,1149.2984212239583,2,blue,DC
25.31248622269321,51.40407856464516,1147.9794108072917,1,red,AC nivo 2
25.312304250054947,51.404205201407564,1147.9794108072917,1,red,AC nivo 2
25.312533882668255,51.40410195938265,1147.9794108072917,2,blue,DC
25.337515155345987,51.47904033644303,1147.865234375,2,blue,DC
25.33772677081731,51.479089768591535,1147.865234375,2,blue,DC
25.33743936988872,51.47924926855844,1147.865234375,2,blue,DC
25.245575705515893,51.395857847073714,1142.64404296875,2,blue,DC
25.24592497960309,51.39596098985165,1142.64404296875,1,red,AC nivo 2
25.24571726236302,51.395660671565615,1142.64404296875,2,blue,DC
25.170980931165026,51.47090545130683,1135.8445638020833,2,blue,DC
25.17074649694963,51.470863372576716,1135.8445638020833,2,blue,DC
25.170861654531254,51.47082659585404,1135.8445638020833,2,blue,DC
25.34581943365216,51.44577350882114,1131.9617513020833,2,blue,DC
25.345961294371232,51.44578461593818,1131.9617513020833,1,red,AC nivo 2
25.345769450098132,51.445853801384146,1131.9617513020833,1,red,AC nivo 2
25.32893919716658,51.42077812140464,1131.1080729166667,1,red,AC nivo 2
25.32932640903006,51.42091827490659,1131.1080729166667,2,blue,DC
25.32920360738206,51.42088583116194,1131.1080729166667,1,red,AC nivo 2
25.237512061192387,51.57081529874712,1127.299560546875,2,blue,DC
25.237498443471498,51.57081528496126,1127.299560546875,1,red,AC nivo 2
25.237332505776646,51.5708212749924,1127.299560546875,3,yellow,Ultra brzi
